benchmark,stiffness,Nx,Ny,threads,solver,converged,iterations,relative_residual,L1,L2,Linf,solve_wall_time,total_relevant_wall_time,continuity_metric,p_L2,u_L2,v_L2,YF_L2,YO_L2,YP_L2,h_L2,T_L2,rho_L2,T_rel_L2,rho_rel_L2
B,S1,216,72,2,SG_RBGS,1,13314,9.989036383167e-08,1.977660662944e-03,2.662367619119e-03,5.585394155869e-03,0.475077216,0.475077216,0.000000000000e+00,0.000000000000e+00,2.662367619119e-03,1.709957355614e-03,0.000000000000e+00,0.000000000000e+00,0.000000000000e+00,0.000000000000e+00,0.000000000000e+00,0.000000000000e+00,0.000000000000e+00,0.000000000000e+00
B,S1,216,72,2,MG3V,1,26,7.969946023732e-08,1.977671260560e-03,2.662382760569e-03,5.585410555879e-03,0.019251883,0.019251883,0.000000000000e+00,0.000000000000e+00,2.662382760569e-03,1.709959399841e-03,0.000000000000e+00,0.000000000000e+00,0.000000000000e+00,0.000000000000e+00,0.000000000000e+00,0.000000000000e+00,0.000000000000e+00,0.000000000000e+00
B,S1,216,72,2,MG2W,1,16,4.845157309008e-08,1.977670659398e-03,2.662382081491e-03,5.585408950051e-03,0.022850748,0.022850748,0.000000000000e+00,0.000000000000e+00,2.662382081491e-03,1.709958708237e-03,0.000000000000e+00,0.000000000000e+00,0.000000000000e+00,0.000000000000e+00,0.000000000000e+00,0.000000000000e+00,0.000000000000e+00,0.000000000000e+00
B,S1,216,72,2,MG2V,1,25,5.163816958100e-08,1.977670198860e-03,2.662381590947e-03,5.585409437651e-03,0.026547123,0.026547123,0.000000000000e+00,0.000000000000e+00,2.662381590947e-03,1.709958584946e-03,0.000000000000e+00,0.000000000000e+00,0.000000000000e+00,0.000000000000e+00,0.000000000000e+00,0.000000000000e+00,0.000000000000e+00,0.000000000000e+00
B,S1,216,72,2,RMT3H,1,22,5.264791964802e-08,1.977671984856e-03,2.662383892987e-03,5.585412522245e-03,1.311969541,1.311969541,0.000000000000e+00,0.000000000000e+00,2.662383892987e-03,1.709960528126e-03,0.000000000000e+00,0.000000000000e+00,0.000000000000e+00,0.000000000000e+00,0.000000000000e+00,0.000000000000e+00,0.000000000000e+00,0.000000000000e+00
B,S1,216,72,1,SG_RBGS,1,13314,9.989036383167e-08,1.977660662944e-03,2.662367619119e-03,5.585394155869e-03,0.849065453,0.849065453,0.000000000000e+00,0.000000000000e+00,2.662367619119e-03,1.709957355614e-03,0.000000000000e+00,0.000000000000e+00,0.000000000000e+00,0.000000000000e+00,0.000000000000e+00,0.000000000000e+00,0.000000000000e+00,0.000000000000e+00
B,S1,216,72,1,MG3V,1,26,7.969946023731e-08,1.977671260560e-03,2.662382760569e-03,5.585410555879e-03,0.028020382,0.028020382,0.000000000000e+00,0.000000000000e+00,2.662382760569e-03,1.709959399841e-03,0.000000000000e+00,0.000000000000e+00,0.000000000000e+00,0.000000000000e+00,0.000000000000e+00,0.000000000000e+00,0.000000000000e+00,0.000000000000e+00
B,S1,216,72,1,MG2W,1,16,4.845157309008e-08,1.977670659398e-03,2.662382081491e-03,5.585408950051e-03,0.034167305,0.034167305,0.000000000000e+00,0.000000000000e+00,2.662382081491e-03,1.709958708237e-03,0.000000000000e+00,0.000000000000e+00,0.000000000000e+00,0.000000000000e+00,0.000000000000e+00,0.000000000000e+00,0.000000000000e+00,0.000000000000e+00
B,S1,216,72,1,MG2V,1,25,5.163816958100e-08,1.977670198860e-03,2.662381590947e-03,5.585409437651e-03,0.042643599,0.042643599,0.000000000000e+00,0.000000000000e+00,2.662381590947e-03,1.709958584946e-03,0.000000000000e+00,0.000000000000e+00,0.000000000000e+00,0.000000000000e+00,0.000000000000e+00,0.000000000000e+00,0.000000000000e+00,0.000000000000e+00
B,S1,216,72,1,RMT3H,1,22,5.264791964802e-08,1.977671984856e-03,2.662383892987e-03,5.585412522245e-03,2.533993237,2.533993237,0.000000000000e+00,0.000000000000e+00,2.662383892987e-03,1.709960528126e-03,0.000000000000e+00,0.000000000000e+00,0.000000000000e+00,0.000000000000e+00,0.000000000000e+00,0.000000000000e+00,0.000000000000e+00,0.000000000000e+00
B,S1,216,72,4,SG_RBGS,1,13314,9.989036383167e-08,1.977660662944e-03,2.662367619119e-03,5.585394155869e-03,0.313525062,0.313525062,0.000000000000e+00,0.000000000000e+00,2.662367619119e-03,1.709957355614e-03,0.000000000000e+00,0.000000000000e+00,0.000000000000e+00,0.000000000000e+00,0.000000000000e+00,0.000000000000e+00,0.000000000000e+00,0.000000000000e+00
B,S1,216,72,4,MG3V,1,26,7.969946023732e-08,1.977671260560e-03,2.662382760569e-03,5.585410555879e-03,0.014913324,0.014913324,0.000000000000e+00,0.000000000000e+00,2.662382760569e-03,1.709959399841e-03,0.000000000000e+00,0.000000000000e+00,0.000000000000e+00,0.000000000000e+00,0.000000000000e+00,0.000000000000e+00,0.000000000000e+00,0.000000000000e+00
B,S1,216,72,4,MG2W,1,16,4.845157309008e-08,1.977670659398e-03,2.662382081491e-03,5.585408950051e-03,0.017887678,0.017887678,0.000000000000e+00,0.000000000000e+00,2.662382081491e-03,1.709958708237e-03,0.000000000000e+00,0.000000000000e+00,0.000000000000e+00,0.000000000000e+00,0.000000000000e+00,0.000000000000e+00,0.000000000000e+00,0.000000000000e+00
B,S1,216,72,4,MG2V,1,25,5.163816958100e-08,1.977670198860e-03,2.662381590947e-03,5.585409437651e-03,0.019119598,0.019119598,0.000000000000e+00,0.000000000000e+00,2.662381590947e-03,1.709958584946e-03,0.000000000000e+00,0.000000000000e+00,0.000000000000e+00,0.000000000000e+00,0.000000000000e+00,0.000000000000e+00,0.000000000000e+00,0.000000000000e+00
B,S1,216,72,4,RMT3H,1,22,5.264791964802e-08,1.977671984856e-03,2.662383892987e-03,5.585412522245e-03,0.672509041,0.672509041,0.000000000000e+00,0.000000000000e+00,2.662383892987e-03,1.709960528126e-03,0.000000000000e+00,0.000000000000e+00,0.000000000000e+00,0.000000000000e+00,0.000000000000e+00,0.000000000000e+00,0.000000000000e+00,0.000000000000e+00
B,S1,216,72,16,SG_RBGS,1,13314,9.989036383167e-08,1.977660662944e-03,2.662367619119e-03,5.585394155869e-03,0.214714229,0.214714229,0.000000000000e+00,0.000000000000e+00,2.662367619119e-03,1.709957355614e-03,0.000000000000e+00,0.000000000000e+00,0.000000000000e+00,0.000000000000e+00,0.000000000000e+00,0.000000000000e+00,0.000000000000e+00,0.000000000000e+00
B,S1,216,72,16,MG3V,1,26,7.969946023732e-08,1.977671260560e-03,2.662382760569e-03,5.585410555879e-03,0.013988718,0.013988718,0.000000000000e+00,0.000000000000e+00,2.662382760569e-03,1.709959399841e-03,0.000000000000e+00,0.000000000000e+00,0.000000000000e+00,0.000000000000e+00,0.000000000000e+00,0.000000000000e+00,0.000000000000e+00,0.000000000000e+00
B,S1,216,72,16,MG2W,1,16,4.845157309008e-08,1.977670659398e-03,2.662382081491e-03,5.585408950051e-03,0.019208990,0.019208990,0.000000000000e+00,0.000000000000e+00,2.662382081491e-03,1.709958708237e-03,0.000000000000e+00,0.000000000000e+00,0.000000000000e+00,0.000000000000e+00,0.000000000000e+00,0.000000000000e+00,0.000000000000e+00,0.000000000000e+00
B,S1,216,72,16,MG2V,1,25,5.163816958100e-08,1.977670198860e-03,2.662381590947e-03,5.585409437651e-03,0.018366389,0.018366389,0.000000000000e+00,0.000000000000e+00,2.662381590947e-03,1.709958584946e-03,0.000000000000e+00,0.000000000000e+00,0.000000000000e+00,0.000000000000e+00,0.000000000000e+00,0.000000000000e+00,0.000000000000e+00,0.000000000000e+00
B,S1,216,72,16,RMT3H,1,22,5.264791964802e-08,1.977671984856e-03,2.662383892987e-03,5.585412522245e-03,0.186695561,0.186695561,0.000000000000e+00,0.000000000000e+00,2.662383892987e-03,1.709960528126e-03,0.000000000000e+00,0.000000000000e+00,0.000000000000e+00,0.000000000000e+00,0.000000000000e+00,0.000000000000e+00,0.000000000000e+00,0.000000000000e+00
B,S1,108,36,2,SG_RBGS,1,3410,9.954835370097e-08,3.797360164262e-03,5.148563328273e-03,1.076868344824e-02,0.038110405,0.038110405,0.000000000000e+00,0.000000000000e+00,5.148563328273e-03,3.250961090936e-03,0.000000000000e+00,0.000000000000e+00,0.000000000000e+00,0.000000000000e+00,0.000000000000e+00,0.000000000000e+00,0.000000000000e+00,0.000000000000e+00
B,S1,108,36,2,MG3V,1,23,9.144914587707e-08,3.797370071530e-03,5.148577774331e-03,1.076874217176e-02,0.006224617,0.006224617,0.000000000000e+00,0.000000000000e+00,5.148577774331e-03,3.250963003778e-03,0.000000000000e+00,0.000000000000e+00,0.000000000000e+00,0.000000000000e+00,0.000000000000e+00,0.000000000000e+00,0.000000000000e+00,0.000000000000e+00
B,S1,108,36,2,MG2W,1,16,3.517103224791e-08,3.797370041149e-03,5.148577761846e-03,1.076873977620e-02,0.009083971,0.009083971,0.000000000000e+00,0.000000000000e+00,5.148577761846e-03,3.250963007661e-03,0.000000000000e+00,0.000000000000e+00,0.000000000000e+00,0.000000000000e+00,0.000000000000e+00,0.000000000000e+00,0.000000000000e+00,0.000000000000e+00
B,S1,108,36,2,MG2V,1,19,2.518354651278e-08,3.797369983143e-03,5.148577665591e-03,1.076874011485e-02,0.006907828,0.006907828,0.000000000000e+00,0.000000000000e+00,5.148577665591e-03,3.250962998205e-03,0.000000000000e+00,0.000000000000e+00,0.000000000000e+00,0.000000000000e+00,0.000000000000e+00,0.000000000000e+00,0.000000000000e+00,0.000000000000e+00
B,S1,108,36,2,RMT3H,1,16,3.727349460703e-08,3.797369752404e-03,5.148577379183e-03,1.076874078470e-02,0.178780749,0.178780749,0.000000000000e+00,0.000000000000e+00,5.148577379183e-03,3.250962863813e-03,0.000000000000e+00,0.000000000000e+00,0.000000000000e+00,0.000000000000e+00,0.000000000000e+00,0.000000000000e+00,0.000000000000e+00,0.000000000000e+00
B,S1,108,36,1,SG_RBGS,1,3410,9.954835370097e-08,3.797360164262e-03,5.148563328273e-03,1.076868344824e-02,0.057454970,0.057454970,0.000000000000e+00,0.000000000000e+00,5.148563328273e-03,3.250961090936e-03,0.000000000000e+00,0.000000000000e+00,0.000000000000e+00,0.000000000000e+00,0.000000000000e+00,0.000000000000e+00,0.000000000000e+00,0.000000000000e+00
B,S1,108,36,1,MG3V,1,23,9.144914587707e-08,3.797370071530e-03,5.148577774331e-03,1.076874217176e-02,0.006337356,0.006337356,0.000000000000e+00,0.000000000000e+00,5.148577774331e-03,3.250963003778e-03,0.000000000000e+00,0.000000000000e+00,0.000000000000e+00,0.000000000000e+00,0.000000000000e+00,0.000000000000e+00,0.000000000000e+00,0.000000000000e+00
B,S1,108,36,1,MG2W,1,16,3.517103224791e-08,3.797370041149e-03,5.148577761846e-03,1.076873977620e-02,0.008568116,0.008568116,0.000000000000e+00,0.000000000000e+00,5.148577761846e-03,3.250963007661e-03,0.000000000000e+00,0.000000000000e+00,0.000000000000e+00,0.000000000000e+00,0.000000000000e+00,0.000000000000e+00,0.000000000000e+00,0.000000000000e+00
B,S1,108,36,1,MG2V,1,19,2.518354651278e-08,3.797369983143e-03,5.148577665591e-03,1.076874011485e-02,0.008104857,0.008104857,0.000000000000e+00,0.000000000000e+00,5.148577665591e-03,3.250962998205e-03,0.000000000000e+00,0.000000000000e+00,0.000000000000e+00,0.000000000000e+00,0.000000000000e+00,0.000000000000e+00,0.000000000000e+00,0.000000000000e+00
B,S1,108,36,1,RMT3H,1,16,3.727349460703e-08,3.797369752404e-03,5.148577379183e-03,1.076874078470e-02,0.350216173,0.350216173,0.000000000000e+00,0.000000000000e+00,5.148577379183e-03,3.250962863813e-03,0.000000000000e+00,0.000000000000e+00,0.000000000000e+00,0.000000000000e+00,0.000000000000e+00,0.000000000000e+00,0.000000000000e+00,0.000000000000e+00
B,S1,108,36,4,SG_RBGS,1,3410,9.954835370097e-08,3.797360164262e-03,5.148563328273e-03,1.076868344824e-02,0.031712297,0.031712297,0.000000000000e+00,0.000000000000e+00,5.148563328273e-03,3.250961090936e-03,0.000000000000e+00,0.000000000000e+00,0.000000000000e+00,0.000000000000e+00,0.000000000000e+00,0.000000000000e+00,0.000000000000e+00,0.000000000000e+00
B,S1,108,36,4,MG3V,1,23,9.144914587707e-08,3.797370071530e-03,5.148577774331e-03,1.076874217176e-02,0.006198771,0.006198771,0.000000000000e+00,0.000000000000e+00,5.148577774331e-03,3.250963003778e-03,0.000000000000e+00,0.000000000000e+00,0.000000000000e+00,0.000000000000e+00,0.000000000000e+00,0.000000000000e+00,0.000000000000e+00,0.000000000000e+00
B,S1,108,36,4,MG2W,1,16,3.517103224791e-08,3.797370041149e-03,5.148577761846e-03,1.076873977620e-02,0.009649821,0.009649821,0.000000000000e+00,0.000000000000e+00,5.148577761846e-03,3.250963007661e-03,0.000000000000e+00,0.000000000000e+00,0.000000000000e+00,0.000000000000e+00,0.000000000000e+00,0.000000000000e+00,0.000000000000e+00,0.000000000000e+00
B,S1,108,36,4,MG2V,1,19,2.518354651278e-08,3.797369983143e-03,5.148577665591e-03,1.076874011485e-02,0.006962247,0.006962247,0.000000000000e+00,0.000000000000e+00,5.148577665591e-03,3.250962998205e-03,0.000000000000e+00,0.000000000000e+00,0.000000000000e+00,0.000000000000e+00,0.000000000000e+00,0.000000000000e+00,0.000000000000e+00,0.000000000000e+00
B,S1,108,36,4,RMT3H,1,16,3.727349460703e-08,3.797369752404e-03,5.148577379182e-03,1.076874078470e-02,0.093454771,0.093454771,0.000000000000e+00,0.000000000000e+00,5.148577379182e-03,3.250962863813e-03,0.000000000000e+00,0.000000000000e+00,0.000000000000e+00,0.000000000000e+00,0.000000000000e+00,0.000000000000e+00,0.000000000000e+00,0.000000000000e+00
B,S1,108,36,16,SG_RBGS,1,3410,9.954835370097e-08,3.797360164262e-03,5.148563328273e-03,1.076868344824e-02,0.041248292,0.041248292,0.000000000000e+00,0.000000000000e+00,5.148563328273e-03,3.250961090936e-03,0.000000000000e+00,0.000000000000e+00,0.000000000000e+00,0.000000000000e+00,0.000000000000e+00,0.000000000000e+00,0.000000000000e+00,0.000000000000e+00
B,S1,108,36,16,MG3V,1,23,9.144914587707e-08,3.797370071530e-03,5.148577774331e-03,1.076874217176e-02,0.009593435,0.009593435,0.000000000000e+00,0.000000000000e+00,5.148577774331e-03,3.250963003778e-03,0.000000000000e+00,0.000000000000e+00,0.000000000000e+00,0.000000000000e+00,0.000000000000e+00,0.000000000000e+00,0.000000000000e+00,0.000000000000e+00
B,S1,108,36,16,MG2W,1,16,3.517103224791e-08,3.797370041149e-03,5.148577761846e-03,1.076873977620e-02,0.012818038,0.012818038,0.000000000000e+00,0.000000000000e+00,5.148577761846e-03,3.250963007661e-03,0.000000000000e+00,0.000000000000e+00,0.000000000000e+00,0.000000000000e+00,0.000000000000e+00,0.000000000000e+00,0.000000000000e+00,0.000000000000e+00
B,S1,108,36,16,MG2V,1,19,2.518354651278e-08,3.797369983143e-03,5.148577665591e-03,1.076874011485e-02,0.008889936,0.008889936,0.000000000000e+00,0.000000000000e+00,5.148577665591e-03,3.250962998205e-03,0.000000000000e+00,0.000000000000e+00,0.000000000000e+00,0.000000000000e+00,0.000000000000e+00,0.000000000000e+00,0.000000000000e+00,0.000000000000e+00
B,S1,108,36,16,RMT3H,1,16,3.727349460703e-08,3.797369752404e-03,5.148577379182e-03,1.076874078470e-02,0.030480154,0.030480154,0.000000000000e+00,0.000000000000e+00,5.148577379182e-03,3.250962863813e-03,0.000000000000e+00,0.000000000000e+00,0.000000000000e+00,0.000000000000e+00,0.000000000000e+00,0.000000000000e+00,0.000000000000e+00,0.000000000000e+00
B,S1,864,288,2,SG_RBGS,1,208686,9.998751500264e-08,5.098321207983e-04,6.831350287318e-04,1.436862771609e-03,129.927135132,129.927135132,0.000000000000e+00,0.000000000000e+00,6.831350287318e-04,4.445114442507e-04,0.000000000000e+00,0.000000000000e+00,0.000000000000e+00,0.000000000000e+00,0.000000000000e+00,0.000000000000e+00,0.000000000000e+00,0.000000000000e+00
B,S1,864,288,4,SG_RBGS,1,208686,9.998751500264e-08,5.098321207983e-04,6.831350287318e-04,1.436862771609e-03,67.322861154,67.322861154,0.000000000000e+00,0.000000000000e+00,6.831350287318e-04,4.445114442507e-04,0.000000000000e+00,0.000000000000e+00,0.000000000000e+00,0.000000000000e+00,0.000000000000e+00,0.000000000000e+00,0.000000000000e+00,0.000000000000e+00
B,S1,864,288,4,MG3V,1,71,8.339026216670e-08,5.098370928937e-04,6.831421834922e-04,1.436870137090e-03,0.353455100,0.353455100,0.000000000000e+00,0.000000000000e+00,6.831421834922e-04,4.445118058606e-04,0.000000000000e+00,0.000000000000e+00,0.000000000000e+00,0.000000000000e+00,0.000000000000e+00,0.000000000000e+00,0.000000000000e+00,0.000000000000e+00
B,S1,864,288,4,MG2W,1,163,9.828311563086e-08,5.098343819166e-04,6.831382759519e-04,1.436865976509e-03,1.674174126,1.674174126,0.000000000000e+00,0.000000000000e+00,6.831382759519e-04,4.445114716551e-04,0.000000000000e+00,0.000000000000e+00,0.000000000000e+00,0.000000000000e+00,0.000000000000e+00,0.000000000000e+00,0.000000000000e+00,0.000000000000e+00
B,S1,864,288,4,MG2V,1,323,9.877072927242e-08,5.098325265087e-04,6.831356167086e-04,1.436863284203e-03,2.693030480,2.693030480,0.000000000000e+00,0.000000000000e+00,6.831356167086e-04,4.445114606246e-04,0.000000000000e+00,0.000000000000e+00,0.000000000000e+00,0.000000000000e+00,0.000000000000e+00,0.000000000000e+00,0.000000000000e+00,0.000000000000e+00
B,S1,864,288,4,RMT3H,1,57,7.312154639777e-08,5.098436158197e-04,6.831513788944e-04,1.436880520971e-03,33.619037967,33.619037967,0.000000000000e+00,0.000000000000e+00,6.831513788944e-04,4.445132245711e-04,0.000000000000e+00,0.000000000000e+00,0.000000000000e+00,0.000000000000e+00,0.000000000000e+00,0.000000000000e+00,0.000000000000e+00,0.000000000000e+00
B,S1,864,288,16,SG_RBGS,1,208686,9.998751500264e-08,5.098321207983e-04,6.831350287318e-04,1.436862771609e-03,17.496227756,17.496227756,0.000000000000e+00,0.000000000000e+00,6.831350287318e-04,4.445114442507e-04,0.000000000000e+00,0.000000000000e+00,0.000000000000e+00,0.000000000000e+00,0.000000000000e+00,0.000000000000e+00,0.000000000000e+00,0.000000000000e+00
B,S1,864,288,16,MG3V,1,71,8.339026216670e-08,5.098370928937e-04,6.831421834922e-04,1.436870137090e-03,0.132888969,0.132888969,0.000000000000e+00,0.000000000000e+00,6.831421834922e-04,4.445118058606e-04,0.000000000000e+00,0.000000000000e+00,0.000000000000e+00,0.000000000000e+00,0.000000000000e+00,0.000000000000e+00,0.000000000000e+00,0.000000000000e+00
B,S1,864,288,16,MG2W,1,163,9.828311563086e-08,5.098343819166e-04,6.831382759519e-04,1.436865976509e-03,0.680988960,0.680988960,0.000000000000e+00,0.000000000000e+00,6.831382759519e-04,4.445114716551e-04,0.000000000000e+00,0.000000000000e+00,0.000000000000e+00,0.000000000000e+00,0.000000000000e+00,0.000000000000e+00,0.000000000000e+00,0.000000000000e+00
B,S1,864,288,16,MG2V,1,323,9.877072927242e-08,5.098325265087e-04,6.831356167086e-04,1.436863284203e-03,1.026632793,1.026632793,0.000000000000e+00,0.000000000000e+00,6.831356167086e-04,4.445114606246e-04,0.000000000000e+00,0.000000000000e+00,0.000000000000e+00,0.000000000000e+00,0.000000000000e+00,0.000000000000e+00,0.000000000000e+00,0.000000000000e+00
B,S1,864,288,16,RMT3H,1,57,7.312154639778e-08,5.098436158197e-04,6.831513788944e-04,1.436880520971e-03,8.690475978,8.690475978,0.000000000000e+00,0.000000000000e+00,6.831513788944e-04,4.445132245711e-04,0.000000000000e+00,0.000000000000e+00,0.000000000000e+00,0.000000000000e+00,0.000000000000e+00,0.000000000000e+00,0.000000000000e+00,0.000000000000e+00
B,S1,432,144,2,SG_RBGS,1,52548,9.995249879760e-08,1.009268099625e-03,1.354369019138e-03,2.846391913248e-03,7.099604353,7.099604353,0.000000000000e+00,0.000000000000e+00,1.354369019138e-03,8.774310700268e-04,0.000000000000e+00,0.000000000000e+00,0.000000000000e+00,0.000000000000e+00,0.000000000000e+00,0.000000000000e+00,0.000000000000e+00,0.000000000000e+00
B,S1,432,144,2,MG3V,1,26,8.895144869577e-08,1.009278718261e-03,1.354384428209e-03,2.846407641837e-03,0.061393272,0.061393272,0.000000000000e+00,0.000000000000e+00,1.354384428209e-03,8.774321200840e-04,0.000000000000e+00,0.000000000000e+00,0.000000000000e+00,0.000000000000e+00,0.000000000000e+00,0.000000000000e+00,0.000000000000e+00,0.000000000000e+00
B,S1,432,144,2,MG2W,1,43,8.951060457100e-08,1.009272534310e-03,1.354375417763e-03,2.846398450904e-03,0.207221992,0.207221992,0.000000000000e+00,0.000000000000e+00,1.354375417763e-03,8.774312931780e-04,0.000000000000e+00,0.000000000000e+00,0.000000000000e+00,0.000000000000e+00,0.000000000000e+00,0.000000000000e+00,0.000000000000e+00,0.000000000000e+00
B,S1,432,144,2,MG2V,1,85,8.253379062397e-08,1.009270023135e-03,1.354371807767e-03,2.846394790014e-03,0.322943237,0.322943237,0.000000000000e+00,0.000000000000e+00,1.354371807767e-03,8.774315068241e-04,0.000000000000e+00,0.000000000000e+00,0.000000000000e+00,0.000000000000e+00,0.000000000000e+00,0.000000000000e+00,0.000000000000e+00,0.000000000000e+00
B,S1,432,144,2,RMT3H,1,34,8.475973791624e-08,1.009279235419e-03,1.354384956747e-03,2.846408733037e-03,9.806298692,9.806298692,0.000000000000e+00,0.000000000000e+00,1.354384956747e-03,8.774343130957e-04,0.000000000000e+00,0.000000000000e+00,0.000000000000e+00,0.000000000000e+00,0.000000000000e+00,0.000000000000e+00,0.000000000000e+00,0.000000000000e+00
B,S1,432,144,1,SG_RBGS,1,52548,9.995249879760e-08,1.009268099625e-03,1.354369019138e-03,2.846391913248e-03,15.243282508,15.243282508,0.000000000000e+00,0.000000000000e+00,1.354369019138e-03,8.774310700268e-04,0.000000000000e+00,0.000000000000e+00,0.000000000000e+00,0.000000000000e+00,0.000000000000e+00,0.000000000000e+00,0.000000000000e+00,0.000000000000e+00
B,S1,432,144,1,MG3V,1,26,8.895144869577e-08,1.009278718261e-03,1.354384428209e-03,2.846407641837e-03,0.116232708,0.116232708,0.000000000000e+00,0.000000000000e+00,1.354384428209e-03,8.774321200840e-04,0.000000000000e+00,0.000000000000e+00,0.000000000000e+00,0.000000000000e+00,0.000000000000e+00,0.000000000000e+00,0.000000000000e+00,0.000000000000e+00
B,S1,432,144,1,MG2W,1,43,8.951060457100e-08,1.009272534310e-03,1.354375417763e-03,2.846398450904e-03,0.371454857,0.371454857,0.000000000000e+00,0.000000000000e+00,1.354375417763e-03,8.774312931780e-04,0.000000000000e+00,0.000000000000e+00,0.000000000000e+00,0.000000000000e+00,0.000000000000e+00,0.000000000000e+00,0.000000000000e+00,0.000000000000e+00
B,S1,432,144,1,MG2V,1,85,8.253379062396e-08,1.009270023135e-03,1.354371807767e-03,2.846394790014e-03,0.599657167,0.599657167,0.000000000000e+00,0.000000000000e+00,1.354371807767e-03,8.774315068241e-04,0.000000000000e+00,0.000000000000e+00,0.000000000000e+00,0.000000000000e+00,0.000000000000e+00,0.000000000000e+00,0.000000000000e+00,0.000000000000e+00
B,S1,432,144,1,RMT3H,1,34,8.475973791624e-08,1.009279235419e-03,1.354384956747e-03,2.846408733037e-03,18.626147646,18.626147646,0.000000000000e+00,0.000000000000e+00,1.354384956747e-03,8.774343130957e-04,0.000000000000e+00,0.000000000000e+00,0.000000000000e+00,0.000000000000e+00,0.000000000000e+00,0.000000000000e+00,0.000000000000e+00,0.000000000000e+00
B,S1,432,144,4,SG_RBGS,1,52548,9.995249879760e-08,1.009268099625e-03,1.354369019138e-03,2.846391913248e-03,3.866465807,3.866465807,0.000000000000e+00,0.000000000000e+00,1.354369019138e-03,8.774310700268e-04,0.000000000000e+00,0.000000000000e+00,0.000000000000e+00,0.000000000000e+00,0.000000000000e+00,0.000000000000e+00,0.000000000000e+00,0.000000000000e+00
B,S1,432,144,4,MG3V,1,26,8.895144869577e-08,1.009278718261e-03,1.354384428209e-03,2.846407641837e-03,0.036801353,0.036801353,0.000000000000e+00,0.000000000000e+00,1.354384428209e-03,8.774321200840e-04,0.000000000000e+00,0.000000000000e+00,0.000000000000e+00,0.000000000000e+00,0.000000000000e+00,0.000000000000e+00,0.000000000000e+00,0.000000000000e+00
B,S1,432,144,4,MG2W,1,43,8.951060457101e-08,1.009272534310e-03,1.354375417763e-03,2.846398450904e-03,0.126464888,0.126464888,0.000000000000e+00,0.000000000000e+00,1.354375417763e-03,8.774312931780e-04,0.000000000000e+00,0.000000000000e+00,0.000000000000e+00,0.000000000000e+00,0.000000000000e+00,0.000000000000e+00,0.000000000000e+00,0.000000000000e+00
B,S1,432,144,4,MG2V,1,85,8.253379062397e-08,1.009270023135e-03,1.354371807767e-03,2.846394790014e-03,0.193264931,0.193264931,0.000000000000e+00,0.000000000000e+00,1.354371807767e-03,8.774315068241e-04,0.000000000000e+00,0.000000000000e+00,0.000000000000e+00,0.000000000000e+00,0.000000000000e+00,0.000000000000e+00,0.000000000000e+00,0.000000000000e+00
B,S1,432,144,4,RMT3H,1,34,8.475973791624e-08,1.009279235419e-03,1.354384956747e-03,2.846408733037e-03,5.067591019,5.067591019,0.000000000000e+00,0.000000000000e+00,1.354384956747e-03,8.774343130957e-04,0.000000000000e+00,0.000000000000e+00,0.000000000000e+00,0.000000000000e+00,0.000000000000e+00,0.000000000000e+00,0.000000000000e+00,0.000000000000e+00
B,S1,432,144,16,SG_RBGS,1,52548,9.995249879760e-08,1.009268099625e-03,1.354369019138e-03,2.846391913248e-03,1.630864557,1.630864557,0.000000000000e+00,0.000000000000e+00,1.354369019138e-03,8.774310700268e-04,0.000000000000e+00,0.000000000000e+00,0.000000000000e+00,0.000000000000e+00,0.000000000000e+00,0.000000000000e+00,0.000000000000e+00,0.000000000000e+00
B,S1,432,144,16,MG3V,1,26,8.895144869577e-08,1.009278718261e-03,1.354384428209e-03,2.846407641837e-03,0.022123136,0.022123136,0.000000000000e+00,0.000000000000e+00,1.354384428209e-03,8.774321200840e-04,0.000000000000e+00,0.000000000000e+00,0.000000000000e+00,0.000000000000e+00,0.000000000000e+00,0.000000000000e+00,0.000000000000e+00,0.000000000000e+00
B,S1,432,144,16,MG2W,1,43,8.951060457101e-08,1.009272534310e-03,1.354375417763e-03,2.846398450904e-03,0.073018234,0.073018234,0.000000000000e+00,0.000000000000e+00,1.354375417763e-03,8.774312931780e-04,0.000000000000e+00,0.000000000000e+00,0.000000000000e+00,0.000000000000e+00,0.000000000000e+00,0.000000000000e+00,0.000000000000e+00,0.000000000000e+00
B,S1,432,144,16,MG2V,1,85,8.253379062397e-08,1.009270023135e-03,1.354371807767e-03,2.846394790014e-03,0.102331910,0.102331910,0.000000000000e+00,0.000000000000e+00,1.354371807767e-03,8.774315068241e-04,0.000000000000e+00,0.000000000000e+00,0.000000000000e+00,0.000000000000e+00,0.000000000000e+00,0.000000000000e+00,0.000000000000e+00,0.000000000000e+00
B,S1,432,144,16,RMT3H,1,34,8.475973791624e-08,1.009279235419e-03,1.354384956747e-03,2.846408733037e-03,1.365543738,1.365543738,0.000000000000e+00,0.000000000000e+00,1.354384956747e-03,8.774343130957e-04,0.000000000000e+00,0.000000000000e+00,0.000000000000e+00,0.000000000000e+00,0.000000000000e+00,0.000000000000e+00,0.000000000000e+00,0.000000000000e+00
B,S3,216,72,2,SG_RBGS,1,2888,9.998048985880e-08,1.289280747073e-02,2.017187092395e-02,9.170280625685e-02,0.102310352,0.102310352,0.000000000000e+00,0.000000000000e+00,1.921368589997e-02,2.017187092395e-02,0.000000000000e+00,0.000000000000e+00,0.000000000000e+00,0.000000000000e+00,0.000000000000e+00,0.000000000000e+00,0.000000000000e+00,0.000000000000e+00
B,S3,216,72,2,MG3V,1,27,7.409307761056e-08,1.289281901175e-02,2.017191957340e-02,9.170351189599e-02,0.019349791,0.019349791,0.000000000000e+00,0.000000000000e+00,1.921375508109e-02,2.017191957340e-02,0.000000000000e+00,0.000000000000e+00,0.000000000000e+00,0.000000000000e+00,0.000000000000e+00,0.000000000000e+00,0.000000000000e+00,0.000000000000e+00
B,S3,216,72,2,MG2W,1,20,5.943214207502e-08,1.289281893844e-02,2.017191932041e-02,9.170350960324e-02,0.027687408,0.027687408,0.000000000000e+00,0.000000000000e+00,1.921375507166e-02,2.017191932041e-02,0.000000000000e+00,0.000000000000e+00,0.000000000000e+00,0.000000000000e+00,0.000000000000e+00,0.000000000000e+00,0.000000000000e+00,0.000000000000e+00
B,S3,216,72,2,MG2V,1,20,9.583012898461e-08,1.289281891287e-02,2.017191917691e-02,9.170350855762e-02,0.021712109,0.021712109,0.000000000000e+00,0.000000000000e+00,1.921375515470e-02,2.017191917691e-02,0.000000000000e+00,0.000000000000e+00,0.000000000000e+00,0.000000000000e+00,0.000000000000e+00,0.000000000000e+00,0.000000000000e+00,0.000000000000e+00
B,S3,216,72,2,RMT3H,1,17,1.411919645005e-08,1.289281892466e-02,2.017191926912e-02,9.170350940172e-02,1.020744838,1.020744838,0.000000000000e+00,0.000000000000e+00,1.921375481830e-02,2.017191926912e-02,0.000000000000e+00,0.000000000000e+00,0.000000000000e+00,0.000000000000e+00,0.000000000000e+00,0.000000000000e+00,0.000000000000e+00,0.000000000000e+00
B,S3,216,72,1,SG_RBGS,1,2888,9.998048985880e-08,1.289280747073e-02,2.017187092395e-02,9.170280625685e-02,0.182921801,0.182921801,0.000000000000e+00,0.000000000000e+00,1.921368589997e-02,2.017187092395e-02,0.000000000000e+00,0.000000000000e+00,0.000000000000e+00,0.000000000000e+00,0.000000000000e+00,0.000000000000e+00,0.000000000000e+00,0.000000000000e+00
B,S3,216,72,1,MG3V,1,27,7.409307761056e-08,1.289281901175e-02,2.017191957340e-02,9.170351189599e-02,0.029056832,0.029056832,0.000000000000e+00,0.000000000000e+00,1.921375508109e-02,2.017191957340e-02,0.000000000000e+00,0.000000000000e+00,0.000000000000e+00,0.000000000000e+00,0.000000000000e+00,0.000000000000e+00,0.000000000000e+00,0.000000000000e+00
B,S3,216,72,1,MG2W,1,20,5.943214207502e-08,1.289281893844e-02,2.017191932041e-02,9.170350960324e-02,0.042350717,0.042350717,0.000000000000e+00,0.000000000000e+00,1.921375507166e-02,2.017191932041e-02,0.000000000000e+00,0.000000000000e+00,0.000000000000e+00,0.000000000000e+00,0.000000000000e+00,0.000000000000e+00,0.000000000000e+00,0.000000000000e+00
B,S3,216,72,1,MG2V,1,20,9.583012898461e-08,1.289281891287e-02,2.017191917691e-02,9.170350855762e-02,0.034257423,0.034257423,0.000000000000e+00,0.000000000000e+00,1.921375515470e-02,2.017191917691e-02,0.000000000000e+00,0.000000000000e+00,0.000000000000e+00,0.000000000000e+00,0.000000000000e+00,0.000000000000e+00,0.000000000000e+00,0.000000000000e+00
B,S3,216,72,1,RMT3H,1,17,1.411919645005e-08,1.289281892466e-02,2.017191926912e-02,9.170350940172e-02,1.953913316,1.953913316,0.000000000000e+00,0.000000000000e+00,1.921375481830e-02,2.017191926912e-02,0.000000000000e+00,0.000000000000e+00,0.000000000000e+00,0.000000000000e+00,0.000000000000e+00,0.000000000000e+00,0.000000000000e+00,0.000000000000e+00
B,S3,216,72,4,SG_RBGS,1,2888,9.998048985880e-08,1.289280747073e-02,2.017187092395e-02,9.170280625685e-02,0.064265005,0.064265005,0.000000000000e+00,0.000000000000e+00,1.921368589997e-02,2.017187092395e-02,0.000000000000e+00,0.000000000000e+00,0.000000000000e+00,0.000000000000e+00,0.000000000000e+00,0.000000000000e+00,0.000000000000e+00,0.000000000000e+00
B,S3,216,72,4,MG3V,1,27,7.409307761056e-08,1.289281901175e-02,2.017191957340e-02,9.170351189599e-02,0.014770795,0.014770795,0.000000000000e+00,0.000000000000e+00,1.921375508109e-02,2.017191957340e-02,0.000000000000e+00,0.000000000000e+00,0.000000000000e+00,0.000000000000e+00,0.000000000000e+00,0.000000000000e+00,0.000000000000e+00,0.000000000000e+00
B,S3,216,72,4,MG2W,1,20,5.943214207502e-08,1.289281893844e-02,2.017191932041e-02,9.170350960324e-02,0.021593012,0.021593012,0.000000000000e+00,0.000000000000e+00,1.921375507166e-02,2.017191932041e-02,0.000000000000e+00,0.000000000000e+00,0.000000000000e+00,0.000000000000e+00,0.000000000000e+00,0.000000000000e+00,0.000000000000e+00,0.000000000000e+00
B,S3,216,72,4,MG2V,1,20,9.583012898461e-08,1.289281891287e-02,2.017191917691e-02,9.170350855762e-02,0.015003737,0.015003737,0.000000000000e+00,0.000000000000e+00,1.921375515470e-02,2.017191917691e-02,0.000000000000e+00,0.000000000000e+00,0.000000000000e+00,0.000000000000e+00,0.000000000000e+00,0.000000000000e+00,0.000000000000e+00,0.000000000000e+00
B,S3,216,72,4,RMT3H,1,17,1.411919645005e-08,1.289281892466e-02,2.017191926912e-02,9.170350940172e-02,0.520745333,0.520745333,0.000000000000e+00,0.000000000000e+00,1.921375481830e-02,2.017191926912e-02,0.000000000000e+00,0.000000000000e+00,0.000000000000e+00,0.000000000000e+00,0.000000000000e+00,0.000000000000e+00,0.000000000000e+00,0.000000000000e+00
B,S3,216,72,16,SG_RBGS,1,2888,9.998048985880e-08,1.289280747073e-02,2.017187092395e-02,9.170280625685e-02,0.046698548,0.046698548,0.000000000000e+00,0.000000000000e+00,1.921368589997e-02,2.017187092395e-02,0.000000000000e+00,0.000000000000e+00,0.000000000000e+00,0.000000000000e+00,0.000000000000e+00,0.000000000000e+00,0.000000000000e+00,0.000000000000e+00
B,S3,216,72,16,MG3V,1,27,7.409307761056e-08,1.289281901175e-02,2.017191957340e-02,9.170351189599e-02,0.014595725,0.014595725,0.000000000000e+00,0.000000000000e+00,1.921375508109e-02,2.017191957340e-02,0.000000000000e+00,0.000000000000e+00,0.000000000000e+00,0.000000000000e+00,0.000000000000e+00,0.000000000000e+00,0.000000000000e+00,0.000000000000e+00
B,S3,216,72,16,MG2W,1,20,5.943214207502e-08,1.289281893844e-02,2.017191932041e-02,9.170350960324e-02,0.023662802,0.023662802,0.000000000000e+00,0.000000000000e+00,1.921375507166e-02,2.017191932041e-02,0.000000000000e+00,0.000000000000e+00,0.000000000000e+00,0.000000000000e+00,0.000000000000e+00,0.000000000000e+00,0.000000000000e+00,0.000000000000e+00
B,S3,216,72,16,MG2V,1,20,9.583012898461e-08,1.289281891287e-02,2.017191917691e-02,9.170350855762e-02,0.014453847,0.014453847,0.000000000000e+00,0.000000000000e+00,1.921375515470e-02,2.017191917691e-02,0.000000000000e+00,0.000000000000e+00,0.000000000000e+00,0.000000000000e+00,0.000000000000e+00,0.000000000000e+00,0.000000000000e+00,0.000000000000e+00
B,S3,216,72,16,RMT3H,1,17,1.411919645005e-08,1.289281892466e-02,2.017191926912e-02,9.170350940172e-02,0.143484499,0.143484499,0.000000000000e+00,0.000000000000e+00,1.921375481830e-02,2.017191926912e-02,0.000000000000e+00,0.000000000000e+00,0.000000000000e+00,0.000000000000e+00,0.000000000000e+00,0.000000000000e+00,0.000000000000e+00,0.000000000000e+00
B,S3,108,36,2,SG_RBGS,1,800,9.924062746613e-08,2.424290436161e-02,3.810139050702e-02,1.719628187922e-01,0.008783542,0.008783542,0.000000000000e+00,0.000000000000e+00,3.740502249638e-02,3.810139050702e-02,0.000000000000e+00,0.000000000000e+00,0.000000000000e+00,0.000000000000e+00,0.000000000000e+00,0.000000000000e+00,0.000000000000e+00,0.000000000000e+00
B,S3,108,36,2,MG3V,1,22,7.648986485522e-08,2.424293151857e-02,3.810143418017e-02,1.719634593407e-01,0.005485393,0.005485393,0.000000000000e+00,0.000000000000e+00,3.740508832197e-02,3.810143418017e-02,0.000000000000e+00,0.000000000000e+00,0.000000000000e+00,0.000000000000e+00,0.000000000000e+00,0.000000000000e+00,0.000000000000e+00,0.000000000000e+00
B,S3,108,36,2,MG2W,1,18,6.794263680749e-08,2.424293123149e-02,3.810143423327e-02,1.719634601914e-01,0.009834185,0.009834185,0.000000000000e+00,0.000000000000e+00,3.740508750997e-02,3.810143423327e-02,0.000000000000e+00,0.000000000000e+00,0.000000000000e+00,0.000000000000e+00,0.000000000000e+00,0.000000000000e+00,0.000000000000e+00,0.000000000000e+00
B,S3,108,36,2,MG2V,1,18,4.379827223046e-08,2.424293154270e-02,3.810143421687e-02,1.719634603936e-01,0.006309919,0.006309919,0.000000000000e+00,0.000000000000e+00,3.740508794749e-02,3.810143421687e-02,0.000000000000e+00,0.000000000000e+00,0.000000000000e+00,0.000000000000e+00,0.000000000000e+00,0.000000000000e+00,0.000000000000e+00,0.000000000000e+00
B,S3,108,36,2,RMT3H,1,12,7.775777109532e-08,2.424295400219e-02,3.810143473630e-02,1.719634751373e-01,0.133786261,0.133786261,0.000000000000e+00,0.000000000000e+00,3.740514623428e-02,3.810143473630e-02,0.000000000000e+00,0.000000000000e+00,0.000000000000e+00,0.000000000000e+00,0.000000000000e+00,0.000000000000e+00,0.000000000000e+00,0.000000000000e+00
B,S3,108,36,1,SG_RBGS,1,800,9.924062746613e-08,2.424290436161e-02,3.810139050702e-02,1.719628187922e-01,0.013487134,0.013487134,0.000000000000e+00,0.000000000000e+00,3.740502249638e-02,3.810139050702e-02,0.000000000000e+00,0.000000000000e+00,0.000000000000e+00,0.000000000000e+00,0.000000000000e+00,0.000000000000e+00,0.000000000000e+00,0.000000000000e+00
B,S3,108,36,1,MG3V,1,22,7.648986485522e-08,2.424293151857e-02,3.810143418017e-02,1.719634593407e-01,0.006033033,0.006033033,0.000000000000e+00,0.000000000000e+00,3.740508832197e-02,3.810143418017e-02,0.000000000000e+00,0.000000000000e+00,0.000000000000e+00,0.000000000000e+00,0.000000000000e+00,0.000000000000e+00,0.000000000000e+00,0.000000000000e+00
B,S3,108,36,1,MG2W,1,18,6.794263680749e-08,2.424293123149e-02,3.810143423327e-02,1.719634601914e-01,0.009664755,0.009664755,0.000000000000e+00,0.000000000000e+00,3.740508750997e-02,3.810143423327e-02,0.000000000000e+00,0.000000000000e+00,0.000000000000e+00,0.000000000000e+00,0.000000000000e+00,0.000000000000e+00,0.000000000000e+00,0.000000000000e+00
B,S3,108,36,1,MG2V,1,18,4.379827223046e-08,2.424293154270e-02,3.810143421687e-02,1.719634603936e-01,0.007632636,0.007632636,0.000000000000e+00,0.000000000000e+00,3.740508794749e-02,3.810143421687e-02,0.000000000000e+00,0.000000000000e+00,0.000000000000e+00,0.000000000000e+00,0.000000000000e+00,0.000000000000e+00,0.000000000000e+00,0.000000000000e+00
B,S3,108,36,1,RMT3H,1,12,7.775777109532e-08,2.424295400219e-02,3.810143473630e-02,1.719634751373e-01,0.263570309,0.263570309,0.000000000000e+00,0.000000000000e+00,3.740514623428e-02,3.810143473630e-02,0.000000000000e+00,0.000000000000e+00,0.000000000000e+00,0.000000000000e+00,0.000000000000e+00,0.000000000000e+00,0.000000000000e+00,0.000000000000e+00
B,S3,108,36,4,SG_RBGS,1,800,9.924062746613e-08,2.424290436161e-02,3.810139050702e-02,1.719628187922e-01,0.008710071,0.008710071,0.000000000000e+00,0.000000000000e+00,3.740502249638e-02,3.810139050702e-02,0.000000000000e+00,0.000000000000e+00,0.000000000000e+00,0.000000000000e+00,0.000000000000e+00,0.000000000000e+00,0.000000000000e+00,0.000000000000e+00
B,S3,108,36,4,MG3V,1,22,7.648986485522e-08,2.424293151857e-02,3.810143418017e-02,1.719634593407e-01,0.006269768,0.006269768,0.000000000000e+00,0.000000000000e+00,3.740508832197e-02,3.810143418017e-02,0.000000000000e+00,0.000000000000e+00,0.000000000000e+00,0.000000000000e+00,0.000000000000e+00,0.000000000000e+00,0.000000000000e+00,0.000000000000e+00
B,S3,108,36,4,MG2W,1,18,6.794263680749e-08,2.424293123149e-02,3.810143423327e-02,1.719634601914e-01,0.010911956,0.010911956,0.000000000000e+00,0.000000000000e+00,3.740508750997e-02,3.810143423327e-02,0.000000000000e+00,0.000000000000e+00,0.000000000000e+00,0.000000000000e+00,0.000000000000e+00,0.000000000000e+00,0.000000000000e+00,0.000000000000e+00
B,S3,108,36,4,MG2V,1,18,4.379827223046e-08,2.424293154270e-02,3.810143421687e-02,1.719634603936e-01,0.007029846,0.007029846,0.000000000000e+00,0.000000000000e+00,3.740508794749e-02,3.810143421687e-02,0.000000000000e+00,0.000000000000e+00,0.000000000000e+00,0.000000000000e+00,0.000000000000e+00,0.000000000000e+00,0.000000000000e+00,0.000000000000e+00
B,S3,108,36,4,RMT3H,1,12,7.775777109532e-08,2.424295400219e-02,3.810143473630e-02,1.719634751373e-01,0.070544519,0.070544519,0.000000000000e+00,0.000000000000e+00,3.740514623428e-02,3.810143473630e-02,0.000000000000e+00,0.000000000000e+00,0.000000000000e+00,0.000000000000e+00,0.000000000000e+00,0.000000000000e+00,0.000000000000e+00,0.000000000000e+00
B,S3,108,36,16,SG_RBGS,1,800,9.924062746613e-08,2.424290436161e-02,3.810139050702e-02,1.719628187922e-01,0.009705845,0.009705845,0.000000000000e+00,0.000000000000e+00,3.740502249638e-02,3.810139050702e-02,0.000000000000e+00,0.000000000000e+00,0.000000000000e+00,0.000000000000e+00,0.000000000000e+00,0.000000000000e+00,0.000000000000e+00,0.000000000000e+00
B,S3,108,36,16,MG3V,1,22,7.648986485522e-08,2.424293151857e-02,3.810143418017e-02,1.719634593407e-01,0.008713681,0.008713681,0.000000000000e+00,0.000000000000e+00,3.740508832197e-02,3.810143418017e-02,0.000000000000e+00,0.000000000000e+00,0.000000000000e+00,0.000000000000e+00,0.000000000000e+00,0.000000000000e+00,0.000000000000e+00,0.000000000000e+00
B,S3,108,36,16,MG2W,1,18,6.794263680749e-08,2.424293123149e-02,3.810143423327e-02,1.719634601914e-01,0.014307689,0.014307689,0.000000000000e+00,0.000000000000e+00,3.740508750997e-02,3.810143423327e-02,0.000000000000e+00,0.000000000000e+00,0.000000000000e+00,0.000000000000e+00,0.000000000000e+00,0.000000000000e+00,0.000000000000e+00,0.000000000000e+00
B,S3,108,36,16,MG2V,1,18,4.379827223046e-08,2.424293154270e-02,3.810143421687e-02,1.719634603936e-01,0.008127339,0.008127339,0.000000000000e+00,0.000000000000e+00,3.740508794749e-02,3.810143421687e-02,0.000000000000e+00,0.000000000000e+00,0.000000000000e+00,0.000000000000e+00,0.000000000000e+00,0.000000000000e+00,0.000000000000e+00,0.000000000000e+00
B,S3,108,36,16,RMT3H,1,12,7.775777109532e-08,2.424295400219e-02,3.810143473630e-02,1.719634751373e-01,0.022854399,0.022854399,0.000000000000e+00,0.000000000000e+00,3.740514623428e-02,3.810143473630e-02,0.000000000000e+00,0.000000000000e+00,0.000000000000e+00,0.000000000000e+00,0.000000000000e+00,0.000000000000e+00,0.000000000000e+00,0.000000000000e+00
B,S3,864,288,2,SG_RBGS,1,41932,9.998062647163e-08,3.386093317510e-03,5.270547631265e-03,2.411478704084e-02,25.835876845,25.835876845,0.000000000000e+00,0.000000000000e+00,4.907285668185e-03,5.270547631265e-03,0.000000000000e+00,0.000000000000e+00,0.000000000000e+00,0.000000000000e+00,0.000000000000e+00,0.000000000000e+00,0.000000000000e+00,0.000000000000e+00
B,S3,864,288,2,MG3V,1,30,5.695759742269e-08,3.386105392591e-03,5.270598717028e-03,2.411551210085e-02,0.280327387,0.280327387,0.000000000000e+00,0.000000000000e+00,4.907354981880e-03,5.270598717028e-03,0.000000000000e+00,0.000000000000e+00,0.000000000000e+00,0.000000000000e+00,0.000000000000e+00,0.000000000000e+00,0.000000000000e+00,0.000000000000e+00
B,S3,864,288,2,MG2W,1,36,8.039132468418e-08,3.386097556756e-03,5.270565344744e-03,2.411503607385e-02,0.680528458,0.680528458,0.000000000000e+00,0.000000000000e+00,4.907339621250e-03,5.270565344744e-03,0.000000000000e+00,0.000000000000e+00,0.000000000000e+00,0.000000000000e+00,0.000000000000e+00,0.000000000000e+00,0.000000000000e+00,0.000000000000e+00
B,S3,864,288,2,MG2V,1,70,9.008609795851e-08,3.386096137999e-03,5.270559348446e-03,2.411495130141e-02,1.069175310,1.069175310,0.000000000000e+00,0.000000000000e+00,4.907309069736e-03,5.270559348446e-03,0.000000000000e+00,0.000000000000e+00,0.000000000000e+00,0.000000000000e+00,0.000000000000e+00,0.000000000000e+00,0.000000000000e+00,0.000000000000e+00
B,S3,864,288,2,RMT3H,1,21,9.336917879286e-08,3.386105537935e-03,5.270599509148e-03,2.411552786605e-02,24.111899182,24.111899182,0.000000000000e+00,0.000000000000e+00,4.907355061269e-03,5.270599509148e-03,0.000000000000e+00,0.000000000000e+00,0.000000000000e+00,0.000000000000e+00,0.000000000000e+00,0.000000000000e+00,0.000000000000e+00,0.000000000000e+00
B,S3,864,288,1,SG_RBGS,1,41932,9.998062647160e-08,3.386093317509e-03,5.270547631265e-03,2.411478704084e-02,51.384466045,51.384466045,0.000000000000e+00,0.000000000000e+00,4.907285668185e-03,5.270547631265e-03,0.000000000000e+00,0.000000000000e+00,0.000000000000e+00,0.000000000000e+00,0.000000000000e+00,0.000000000000e+00,0.000000000000e+00,0.000000000000e+00
B,S3,864,288,1,MG3V,1,30,5.695759742269e-08,3.386105392591e-03,5.270598717028e-03,2.411551210085e-02,0.536600389,0.536600389,0.000000000000e+00,0.000000000000e+00,4.907354981880e-03,5.270598717028e-03,0.000000000000e+00,0.000000000000e+00,0.000000000000e+00,0.000000000000e+00,0.000000000000e+00,0.000000000000e+00,0.000000000000e+00,0.000000000000e+00
B,S3,864,288,1,MG2W,1,36,8.039132468417e-08,3.386097556756e-03,5.270565344744e-03,2.411503607385e-02,1.263178792,1.263178792,0.000000000000e+00,0.000000000000e+00,4.907339621250e-03,5.270565344744e-03,0.000000000000e+00,0.000000000000e+00,0.000000000000e+00,0.000000000000e+00,0.000000000000e+00,0.000000000000e+00,0.000000000000e+00,0.000000000000e+00
B,S3,864,288,1,MG2V,1,70,9.008609795850e-08,3.386096137999e-03,5.270559348446e-03,2.411495130141e-02,1.997453209,1.997453209,0.000000000000e+00,0.000000000000e+00,4.907309069736e-03,5.270559348446e-03,0.000000000000e+00,0.000000000000e+00,0.000000000000e+00,0.000000000000e+00,0.000000000000e+00,0.000000000000e+00,0.000000000000e+00,0.000000000000e+00
B,S3,864,288,1,RMT3H,1,21,9.336917879284e-08,3.386105537935e-03,5.270599509148e-03,2.411552786605e-02,44.913774677,44.913774677,0.000000000000e+00,0.000000000000e+00,4.907355061269e-03,5.270599509148e-03,0.000000000000e+00,0.000000000000e+00,0.000000000000e+00,0.000000000000e+00,0.000000000000e+00,0.000000000000e+00,0.000000000000e+00,0.000000000000e+00
B,S3,864,288,4,SG_RBGS,1,41932,9.998062647164e-08,3.386093317510e-03,5.270547631265e-03,2.411478704084e-02,13.888480857,13.888480857,0.000000000000e+00,0.000000000000e+00,4.907285668185e-03,5.270547631265e-03,0.000000000000e+00,0.000000000000e+00,0.000000000000e+00,0.000000000000e+00,0.000000000000e+00,0.000000000000e+00,0.000000000000e+00,0.000000000000e+00
B,S3,864,288,4,MG3V,1,30,5.695759742269e-08,3.386105392591e-03,5.270598717028e-03,2.411551210085e-02,0.150483787,0.150483787,0.000000000000e+00,0.000000000000e+00,4.907354981880e-03,5.270598717028e-03,0.000000000000e+00,0.000000000000e+00,0.000000000000e+00,0.000000000000e+00,0.000000000000e+00,0.000000000000e+00,0.000000000000e+00,0.000000000000e+00
B,S3,864,288,4,MG2W,1,36,8.039132468418e-08,3.386097556756e-03,5.270565344744e-03,2.411503607385e-02,0.370666981,0.370666981,0.000000000000e+00,0.000000000000e+00,4.907339621250e-03,5.270565344744e-03,0.000000000000e+00,0.000000000000e+00,0.000000000000e+00,0.000000000000e+00,0.000000000000e+00,0.000000000000e+00,0.000000000000e+00,0.000000000000e+00
B,S3,864,288,4,MG2V,1,70,9.008609795852e-08,3.386096137999e-03,5.270559348446e-03,2.411495130141e-02,0.580832094,0.580832094,0.000000000000e+00,0.000000000000e+00,4.907309069736e-03,5.270559348446e-03,0.000000000000e+00,0.000000000000e+00,0.000000000000e+00,0.000000000000e+00,0.000000000000e+00,0.000000000000e+00,0.000000000000e+00,0.000000000000e+00
B,S3,864,288,4,RMT3H,1,21,9.336917879286e-08,3.386105537935e-03,5.270599509148e-03,2.411552786605e-02,12.455517694,12.455517694,0.000000000000e+00,0.000000000000e+00,4.907355061269e-03,5.270599509148e-03,0.000000000000e+00,0.000000000000e+00,0.000000000000e+00,0.000000000000e+00,0.000000000000e+00,0.000000000000e+00,0.000000000000e+00,0.000000000000e+00
B,S3,864,288,16,SG_RBGS,1,41932,9.998062647164e-08,3.386093317510e-03,5.270547631265e-03,2.411478704084e-02,3.505958971,3.505958971,0.000000000000e+00,0.000000000000e+00,4.907285668185e-03,5.270547631265e-03,0.000000000000e+00,0.000000000000e+00,0.000000000000e+00,0.000000000000e+00,0.000000000000e+00,0.000000000000e+00,0.000000000000e+00,0.000000000000e+00
B,S3,864,288,16,MG3V,1,30,5.695759742270e-08,3.386105392591e-03,5.270598717028e-03,2.411551210085e-02,0.056086566,0.056086566,0.000000000000e+00,0.000000000000e+00,4.907354981880e-03,5.270598717028e-03,0.000000000000e+00,0.000000000000e+00,0.000000000000e+00,0.000000000000e+00,0.000000000000e+00,0.000000000000e+00,0.000000000000e+00,0.000000000000e+00
B,S3,864,288,16,MG2W,1,36,8.039132468418e-08,3.386097556756e-03,5.270565344744e-03,2.411503607385e-02,0.150139417,0.150139417,0.000000000000e+00,0.000000000000e+00,4.907339621250e-03,5.270565344744e-03,0.000000000000e+00,0.000000000000e+00,0.000000000000e+00,0.000000000000e+00,0.000000000000e+00,0.000000000000e+00,0.000000000000e+00,0.000000000000e+00
B,S3,864,288,16,MG2V,1,70,9.008609795853e-08,3.386096137999e-03,5.270559348446e-03,2.411495130141e-02,0.221450705,0.221450705,0.000000000000e+00,0.000000000000e+00,4.907309069736e-03,5.270559348446e-03,0.000000000000e+00,0.000000000000e+00,0.000000000000e+00,0.000000000000e+00,0.000000000000e+00,0.000000000000e+00,0.000000000000e+00,0.000000000000e+00
B,S3,864,288,16,RMT3H,1,21,9.336917879287e-08,3.386105537935e-03,5.270599509148e-03,2.411552786605e-02,3.218017276,3.218017276,0.000000000000e+00,0.000000000000e+00,4.907355061269e-03,5.270599509148e-03,0.000000000000e+00,0.000000000000e+00,0.000000000000e+00,0.000000000000e+00,0.000000000000e+00,0.000000000000e+00,0.000000000000e+00,0.000000000000e+00
B,S3,1728,576,16,SG_RBGS,1,164480,9.999539487709e-08,1.707007362547e-03,2.655273151733e-03,1.216196987975e-02,69.573540058,69.573540058,0.000000000000e+00,0.000000000000e+00,2.462806901054e-03,2.655273151733e-03,0.000000000000e+00,0.000000000000e+00,0.000000000000e+00,0.000000000000e+00,0.000000000000e+00,0.000000000000e+00,0.000000000000e+00,0.000000000000e+00
B,S3,1728,576,16,MG3V,1,60,7.734480243129e-08,1.707012126153e-03,2.655293012324e-03,1.216225116235e-02,0.376843430,0.376843430,0.000000000000e+00,0.000000000000e+00,2.462868441064e-03,2.655293012324e-03,0.000000000000e+00,0.000000000000e+00,0.000000000000e+00,0.000000000000e+00,0.000000000000e+00,0.000000000000e+00,0.000000000000e+00,0.000000000000e+00
B,S3,1728,576,16,MG2W,1,132,9.357386830561e-08,1.707008285909e-03,2.655276956076e-03,1.216202410077e-02,1.726384006,1.726384006,0.000000000000e+00,0.000000000000e+00,2.462828327060e-03,2.655276956076e-03,0.000000000000e+00,0.000000000000e+00,0.000000000000e+00,0.000000000000e+00,0.000000000000e+00,0.000000000000e+00,0.000000000000e+00,0.000000000000e+00
B,S3,1728,576,16,MG2V,1,261,9.988040298976e-08,1.707007472503e-03,2.655273518619e-03,1.216197482053e-02,2.728423987,2.728423987,0.000000000000e+00,0.000000000000e+00,2.462820209623e-03,2.655273518619e-03,0.000000000000e+00,0.000000000000e+00,0.000000000000e+00,0.000000000000e+00,0.000000000000e+00,0.000000000000e+00,0.000000000000e+00,0.000000000000e+00
B,S3,1728,576,16,RMT3H,1,24,7.891234556844e-08,1.707018979784e-03,2.655323673939e-03,1.216271475501e-02,17.506090175,17.506090175,0.000000000000e+00,0.000000000000e+00,2.462874236321e-03,2.655323673939e-03,0.000000000000e+00,0.000000000000e+00,0.000000000000e+00,0.000000000000e+00,0.000000000000e+00,0.000000000000e+00,0.000000000000e+00,0.000000000000e+00
B,S3,432,144,2,SG_RBGS,1,10862,9.996351053302e-08,6.661883322334e-03,1.038504914549e-02,4.741072552411e-02,1.430255782,1.430255782,0.000000000000e+00,0.000000000000e+00,9.743183171352e-03,1.038504914549e-02,0.000000000000e+00,0.000000000000e+00,0.000000000000e+00,0.000000000000e+00,0.000000000000e+00,0.000000000000e+00,0.000000000000e+00,0.000000000000e+00
B,S3,432,144,2,MG3V,1,28,7.150272984627e-08,6.661895599427e-03,1.038510091275e-02,4.741146795292e-02,0.064977970,0.064977970,0.000000000000e+00,0.000000000000e+00,9.743253548296e-03,1.038510091275e-02,0.000000000000e+00,0.000000000000e+00,0.000000000000e+00,0.000000000000e+00,0.000000000000e+00,0.000000000000e+00,0.000000000000e+00,0.000000000000e+00
B,S3,432,144,2,MG2W,1,20,3.519314683544e-08,6.661895254943e-03,1.038509970489e-02,4.741145791740e-02,0.096423402,0.096423402,0.000000000000e+00,0.000000000000e+00,9.743252980657e-03,1.038509970489e-02,0.000000000000e+00,0.000000000000e+00,0.000000000000e+00,0.000000000000e+00,0.000000000000e+00,0.000000000000e+00,0.000000000000e+00,0.000000000000e+00
B,S3,432,144,2,MG2V,1,26,4.477476337235e-08,6.661892461380e-03,1.038508752317e-02,4.741126746645e-02,0.100515202,0.100515202,0.000000000000e+00,0.000000000000e+00,9.743252920371e-03,1.038508752317e-02,0.000000000000e+00,0.000000000000e+00,0.000000000000e+00,0.000000000000e+00,0.000000000000e+00,0.000000000000e+00,0.000000000000e+00,0.000000000000e+00
B,S3,432,144,2,RMT3H,1,19,9.722661034314e-08,6.661895346054e-03,1.038509996201e-02,4.741146008444e-02,5.487281896,5.487281896,0.000000000000e+00,0.000000000000e+00,9.743252968041e-03,1.038509996201e-02,0.000000000000e+00,0.000000000000e+00,0.000000000000e+00,0.000000000000e+00,0.000000000000e+00,0.000000000000e+00,0.000000000000e+00,0.000000000000e+00
B,S3,432,144,1,SG_RBGS,1,10862,9.996351053302e-08,6.661883322334e-03,1.038504914549e-02,4.741072552411e-02,3.212080732,3.212080732,0.000000000000e+00,0.000000000000e+00,9.743183171352e-03,1.038504914549e-02,0.000000000000e+00,0.000000000000e+00,0.000000000000e+00,0.000000000000e+00,0.000000000000e+00,0.000000000000e+00,0.000000000000e+00,0.000000000000e+00
B,S3,432,144,1,MG3V,1,28,7.150272984627e-08,6.661895599427e-03,1.038510091275e-02,4.741146795292e-02,0.125005119,0.125005119,0.000000000000e+00,0.000000000000e+00,9.743253548296e-03,1.038510091275e-02,0.000000000000e+00,0.000000000000e+00,0.000000000000e+00,0.000000000000e+00,0.000000000000e+00,0.000000000000e+00,0.000000000000e+00,0.000000000000e+00
B,S3,432,144,1,MG2W,1,20,3.519314683544e-08,6.661895254943e-03,1.038509970489e-02,4.741145791740e-02,0.174230374,0.174230374,0.000000000000e+00,0.000000000000e+00,9.743252980657e-03,1.038509970489e-02,0.000000000000e+00,0.000000000000e+00,0.000000000000e+00,0.000000000000e+00,0.000000000000e+00,0.000000000000e+00,0.000000000000e+00,0.000000000000e+00
B,S3,432,144,1,MG2V,1,26,4.477476337235e-08,6.661892461380e-03,1.038508752317e-02,4.741126746645e-02,0.184186608,0.184186608,0.000000000000e+00,0.000000000000e+00,9.743252920371e-03,1.038508752317e-02,0.000000000000e+00,0.000000000000e+00,0.000000000000e+00,0.000000000000e+00,0.000000000000e+00,0.000000000000e+00,0.000000000000e+00,0.000000000000e+00
B,S3,432,144,1,RMT3H,1,19,9.722661034314e-08,6.661895346054e-03,1.038509996201e-02,4.741146008444e-02,10.377269767,10.377269767,0.000000000000e+00,0.000000000000e+00,9.743252968041e-03,1.038509996201e-02,0.000000000000e+00,0.000000000000e+00,0.000000000000e+00,0.000000000000e+00,0.000000000000e+00,0.000000000000e+00,0.000000000000e+00,0.000000000000e+00
B,S3,432,144,4,SG_RBGS,1,10862,9.996351053302e-08,6.661883322334e-03,1.038504914549e-02,4.741072552411e-02,0.782828469,0.782828469,0.000000000000e+00,0.000000000000e+00,9.743183171352e-03,1.038504914549e-02,0.000000000000e+00,0.000000000000e+00,0.000000000000e+00,0.000000000000e+00,0.000000000000e+00,0.000000000000e+00,0.000000000000e+00,0.000000000000e+00
B,S3,432,144,4,MG3V,1,28,7.150272984627e-08,6.661895599427e-03,1.038510091275e-02,4.741146795292e-02,0.039973084,0.039973084,0.000000000000e+00,0.000000000000e+00,9.743253548296e-03,1.038510091275e-02,0.000000000000e+00,0.000000000000e+00,0.000000000000e+00,0.000000000000e+00,0.000000000000e+00,0.000000000000e+00,0.000000000000e+00,0.000000000000e+00
B,S3,432,144,4,MG2W,1,20,3.519314683544e-08,6.661895254943e-03,1.038509970489e-02,4.741145791740e-02,0.059055127,0.059055127,0.000000000000e+00,0.000000000000e+00,9.743252980657e-03,1.038509970489e-02,0.000000000000e+00,0.000000000000e+00,0.000000000000e+00,0.000000000000e+00,0.000000000000e+00,0.000000000000e+00,0.000000000000e+00,0.000000000000e+00
B,S3,432,144,4,MG2V,1,26,4.477476337235e-08,6.661892461380e-03,1.038508752317e-02,4.741126746645e-02,0.060059901,0.060059901,0.000000000000e+00,0.000000000000e+00,9.743252920371e-03,1.038508752317e-02,0.000000000000e+00,0.000000000000e+00,0.000000000000e+00,0.000000000000e+00,0.000000000000e+00,0.000000000000e+00,0.000000000000e+00,0.000000000000e+00
B,S3,432,144,4,RMT3H,1,19,9.722661034314e-08,6.661895346054e-03,1.038509996201e-02,4.741146008444e-02,2.834230658,2.834230658,0.000000000000e+00,0.000000000000e+00,9.743252968041e-03,1.038509996201e-02,0.000000000000e+00,0.000000000000e+00,0.000000000000e+00,0.000000000000e+00,0.000000000000e+00,0.000000000000e+00,0.000000000000e+00,0.000000000000e+00
B,S3,432,144,16,SG_RBGS,1,10862,9.996351053302e-08,6.661883322334e-03,1.038504914549e-02,4.741072552411e-02,0.343871206,0.343871206,0.000000000000e+00,0.000000000000e+00,9.743183171352e-03,1.038504914549e-02,0.000000000000e+00,0.000000000000e+00,0.000000000000e+00,0.000000000000e+00,0.000000000000e+00,0.000000000000e+00,0.000000000000e+00,0.000000000000e+00
B,S3,432,144,16,MG3V,1,28,7.150272984627e-08,6.661895599427e-03,1.038510091275e-02,4.741146795292e-02,0.024515040,0.024515040,0.000000000000e+00,0.000000000000e+00,9.743253548296e-03,1.038510091275e-02,0.000000000000e+00,0.000000000000e+00,0.000000000000e+00,0.000000000000e+00,0.000000000000e+00,0.000000000000e+00,0.000000000000e+00,0.000000000000e+00
B,S3,432,144,16,MG2W,1,20,3.519314683544e-08,6.661895254943e-03,1.038509970489e-02,4.741145791740e-02,0.034299567,0.034299567,0.000000000000e+00,0.000000000000e+00,9.743252980657e-03,1.038509970489e-02,0.000000000000e+00,0.000000000000e+00,0.000000000000e+00,0.000000000000e+00,0.000000000000e+00,0.000000000000e+00,0.000000000000e+00,0.000000000000e+00
B,S3,432,144,16,MG2V,1,26,4.477476337235e-08,6.661892461380e-03,1.038508752317e-02,4.741126746645e-02,0.031506158,0.031506158,0.000000000000e+00,0.000000000000e+00,9.743252920371e-03,1.038508752317e-02,0.000000000000e+00,0.000000000000e+00,0.000000000000e+00,0.000000000000e+00,0.000000000000e+00,0.000000000000e+00,0.000000000000e+00,0.000000000000e+00
B,S3,432,144,16,RMT3H,1,19,9.722661034314e-08,6.661895346054e-03,1.038509996201e-02,4.741146008444e-02,0.774641164,0.774641164,0.000000000000e+00,0.000000000000e+00,9.743252968041e-03,1.038509996201e-02,0.000000000000e+00,0.000000000000e+00,0.000000000000e+00,0.000000000000e+00,0.000000000000e+00,0.000000000000e+00,0.000000000000e+00,0.000000000000e+00
B,S2,216,72,2,SG_RBGS,1,6814,9.990724177093e-08,5.891831635019e-03,8.255304233219e-03,2.594108785534e-02,0.239233695,0.239233695,0.000000000000e+00,0.000000000000e+00,8.255304233219e-03,7.236070682442e-03,0.000000000000e+00,0.000000000000e+00,0.000000000000e+00,0.000000000000e+00,0.000000000000e+00,0.000000000000e+00,0.000000000000e+00,0.000000000000e+00
B,S2,216,72,2,MG3V,1,26,8.432153714593e-08,5.891851530644e-03,8.255340772602e-03,2.594124076199e-02,0.018882915,0.018882915,0.000000000000e+00,0.000000000000e+00,8.255340772602e-03,7.236083729653e-03,0.000000000000e+00,0.000000000000e+00,0.000000000000e+00,0.000000000000e+00,0.000000000000e+00,0.000000000000e+00,0.000000000000e+00,0.000000000000e+00
B,S2,216,72,2,MG2W,1,18,3.956902279155e-08,5.891851335967e-03,8.255339979807e-03,2.594124062958e-02,0.025066454,0.025066454,0.000000000000e+00,0.000000000000e+00,8.255339979807e-03,7.236083905058e-03,0.000000000000e+00,0.000000000000e+00,0.000000000000e+00,0.000000000000e+00,0.000000000000e+00,0.000000000000e+00,0.000000000000e+00,0.000000000000e+00
B,S2,216,72,2,MG2V,1,20,5.105960075708e-08,5.891851234930e-03,8.255339700717e-03,2.594123072310e-02,0.021178413,0.021178413,0.000000000000e+00,0.000000000000e+00,8.255339700717e-03,7.236083207742e-03,0.000000000000e+00,0.000000000000e+00,0.000000000000e+00,0.000000000000e+00,0.000000000000e+00,0.000000000000e+00,0.000000000000e+00,0.000000000000e+00
B,S2,216,72,2,RMT3H,1,18,4.271630204519e-08,5.891851360282e-03,8.255340100252e-03,2.594124046568e-02,1.078785505,1.078785505,0.000000000000e+00,0.000000000000e+00,8.255340100252e-03,7.236083896640e-03,0.000000000000e+00,0.000000000000e+00,0.000000000000e+00,0.000000000000e+00,0.000000000000e+00,0.000000000000e+00,0.000000000000e+00,0.000000000000e+00
B,S2,216,72,1,SG_RBGS,1,6814,9.990724177093e-08,5.891831635018e-03,8.255304233219e-03,2.594108785534e-02,0.431270543,0.431270543,0.000000000000e+00,0.000000000000e+00,8.255304233219e-03,7.236070682442e-03,0.000000000000e+00,0.000000000000e+00,0.000000000000e+00,0.000000000000e+00,0.000000000000e+00,0.000000000000e+00,0.000000000000e+00,0.000000000000e+00
B,S2,216,72,1,MG3V,1,26,8.432153714593e-08,5.891851530644e-03,8.255340772602e-03,2.594124076199e-02,0.027762473,0.027762473,0.000000000000e+00,0.000000000000e+00,8.255340772602e-03,7.236083729653e-03,0.000000000000e+00,0.000000000000e+00,0.000000000000e+00,0.000000000000e+00,0.000000000000e+00,0.000000000000e+00,0.000000000000e+00,0.000000000000e+00
B,S2,216,72,1,MG2W,1,18,3.956902279155e-08,5.891851335967e-03,8.255339979807e-03,2.594124062958e-02,0.038169168,0.038169168,0.000000000000e+00,0.000000000000e+00,8.255339979807e-03,7.236083905058e-03,0.000000000000e+00,0.000000000000e+00,0.000000000000e+00,0.000000000000e+00,0.000000000000e+00,0.000000000000e+00,0.000000000000e+00,0.000000000000e+00
B,S2,216,72,1,MG2V,1,20,5.105960075708e-08,5.891851234930e-03,8.255339700717e-03,2.594123072310e-02,0.034112625,0.034112625,0.000000000000e+00,0.000000000000e+00,8.255339700717e-03,7.236083207742e-03,0.000000000000e+00,0.000000000000e+00,0.000000000000e+00,0.000000000000e+00,0.000000000000e+00,0.000000000000e+00,0.000000000000e+00,0.000000000000e+00
B,S2,216,72,1,RMT3H,1,18,4.271630204519e-08,5.891851360282e-03,8.255340100252e-03,2.594124046568e-02,2.060629159,2.060629159,0.000000000000e+00,0.000000000000e+00,8.255340100252e-03,7.236083896640e-03,0.000000000000e+00,0.000000000000e+00,0.000000000000e+00,0.000000000000e+00,0.000000000000e+00,0.000000000000e+00,0.000000000000e+00,0.000000000000e+00
B,S2,216,72,4,SG_RBGS,1,6814,9.990724177093e-08,5.891831635019e-03,8.255304233219e-03,2.594108785534e-02,0.157694109,0.157694109,0.000000000000e+00,0.000000000000e+00,8.255304233219e-03,7.236070682442e-03,0.000000000000e+00,0.000000000000e+00,0.000000000000e+00,0.000000000000e+00,0.000000000000e+00,0.000000000000e+00,0.000000000000e+00,0.000000000000e+00
B,S2,216,72,4,MG3V,1,26,8.432153714593e-08,5.891851530644e-03,8.255340772602e-03,2.594124076199e-02,0.015011236,0.015011236,0.000000000000e+00,0.000000000000e+00,8.255340772602e-03,7.236083729653e-03,0.000000000000e+00,0.000000000000e+00,0.000000000000e+00,0.000000000000e+00,0.000000000000e+00,0.000000000000e+00,0.000000000000e+00,0.000000000000e+00
B,S2,216,72,4,MG2W,1,18,3.956902279155e-08,5.891851335967e-03,8.255339979807e-03,2.594124062958e-02,0.019286558,0.019286558,0.000000000000e+00,0.000000000000e+00,8.255339979807e-03,7.236083905058e-03,0.000000000000e+00,0.000000000000e+00,0.000000000000e+00,0.000000000000e+00,0.000000000000e+00,0.000000000000e+00,0.000000000000e+00,0.000000000000e+00
B,S2,216,72,4,MG2V,1,20,5.105960075708e-08,5.891851234930e-03,8.255339700717e-03,2.594123072310e-02,0.015205227,0.015205227,0.000000000000e+00,0.000000000000e+00,8.255339700717e-03,7.236083207742e-03,0.000000000000e+00,0.000000000000e+00,0.000000000000e+00,0.000000000000e+00,0.000000000000e+00,0.000000000000e+00,0.000000000000e+00,0.000000000000e+00
B,S2,216,72,4,RMT3H,1,18,4.271630204519e-08,5.891851360282e-03,8.255340100252e-03,2.594124046568e-02,0.552823585,0.552823585,0.000000000000e+00,0.000000000000e+00,8.255340100252e-03,7.236083896640e-03,0.000000000000e+00,0.000000000000e+00,0.000000000000e+00,0.000000000000e+00,0.000000000000e+00,0.000000000000e+00,0.000000000000e+00,0.000000000000e+00
B,S2,216,72,16,SG_RBGS,1,6814,9.990724177093e-08,5.891831635018e-03,8.255304233219e-03,2.594108785534e-02,0.111221585,0.111221585,0.000000000000e+00,0.000000000000e+00,8.255304233219e-03,7.236070682442e-03,0.000000000000e+00,0.000000000000e+00,0.000000000000e+00,0.000000000000e+00,0.000000000000e+00,0.000000000000e+00,0.000000000000e+00,0.000000000000e+00
B,S2,216,72,16,MG3V,1,26,8.432153714593e-08,5.891851530644e-03,8.255340772602e-03,2.594124076199e-02,0.013915248,0.013915248,0.000000000000e+00,0.000000000000e+00,8.255340772602e-03,7.236083729653e-03,0.000000000000e+00,0.000000000000e+00,0.000000000000e+00,0.000000000000e+00,0.000000000000e+00,0.000000000000e+00,0.000000000000e+00,0.000000000000e+00
B,S2,216,72,16,MG2W,1,18,3.956902279155e-08,5.891851335967e-03,8.255339979807e-03,2.594124062958e-02,0.021177921,0.021177921,0.000000000000e+00,0.000000000000e+00,8.255339979807e-03,7.236083905058e-03,0.000000000000e+00,0.000000000000e+00,0.000000000000e+00,0.000000000000e+00,0.000000000000e+00,0.000000000000e+00,0.000000000000e+00,0.000000000000e+00
B,S2,216,72,16,MG2V,1,20,5.105960075708e-08,5.891851234930e-03,8.255339700717e-03,2.594123072310e-02,0.014959794,0.014959794,0.000000000000e+00,0.000000000000e+00,8.255339700717e-03,7.236083207742e-03,0.000000000000e+00,0.000000000000e+00,0.000000000000e+00,0.000000000000e+00,0.000000000000e+00,0.000000000000e+00,0.000000000000e+00,0.000000000000e+00
B,S2,216,72,16,RMT3H,1,18,4.271630204519e-08,5.891851360282e-03,8.255340100252e-03,2.594124046568e-02,0.149724718,0.149724718,0.000000000000e+00,0.000000000000e+00,8.255340100252e-03,7.236083896640e-03,0.000000000000e+00,0.000000000000e+00,0.000000000000e+00,0.000000000000e+00,0.000000000000e+00,0.000000000000e+00,0.000000000000e+00,0.000000000000e+00
B,S2,108,36,2,SG_RBGS,1,1794,9.912733262491e-08,1.131846389643e-02,1.602797114587e-02,4.887487751907e-02,0.020831726,0.020831726,0.000000000000e+00,0.000000000000e+00,1.602797114587e-02,1.369074006289e-02,0.000000000000e+00,0.000000000000e+00,0.000000000000e+00,0.000000000000e+00,0.000000000000e+00,0.000000000000e+00,0.000000000000e+00,0.000000000000e+00
B,S2,108,36,2,MG3V,1,23,4.643485694283e-08,1.131848250484e-02,1.602800522499e-02,4.887502680475e-02,0.005814023,0.005814023,0.000000000000e+00,0.000000000000e+00,1.602800522499e-02,1.369075217672e-02,0.000000000000e+00,0.000000000000e+00,0.000000000000e+00,0.000000000000e+00,0.000000000000e+00,0.000000000000e+00,0.000000000000e+00,0.000000000000e+00
B,S2,108,36,2,MG2W,1,18,2.921490897464e-08,1.131848249634e-02,1.602800517517e-02,4.887502509952e-02,0.010033548,0.010033548,0.000000000000e+00,0.000000000000e+00,1.602800517517e-02,1.369075205765e-02,0.000000000000e+00,0.000000000000e+00,0.000000000000e+00,0.000000000000e+00,0.000000000000e+00,0.000000000000e+00,0.000000000000e+00,0.000000000000e+00
B,S2,108,36,2,MG2V,1,18,5.492070975141e-08,1.131848275463e-02,1.602800530921e-02,4.887502554439e-02,0.006936856,0.006936856,0.000000000000e+00,0.000000000000e+00,1.602800530921e-02,1.369075207210e-02,0.000000000000e+00,0.000000000000e+00,0.000000000000e+00,0.000000000000e+00,0.000000000000e+00,0.000000000000e+00,0.000000000000e+00,0.000000000000e+00
B,S2,108,36,2,RMT3H,1,14,8.862851850167e-08,1.131848085011e-02,1.602800110857e-02,4.887502770528e-02,0.156105116,0.156105116,0.000000000000e+00,0.000000000000e+00,1.602800110857e-02,1.369075226283e-02,0.000000000000e+00,0.000000000000e+00,0.000000000000e+00,0.000000000000e+00,0.000000000000e+00,0.000000000000e+00,0.000000000000e+00,0.000000000000e+00
B,S2,108,36,1,SG_RBGS,1,1794,9.912733262491e-08,1.131846389643e-02,1.602797114587e-02,4.887487751907e-02,0.030176543,0.030176543,0.000000000000e+00,0.000000000000e+00,1.602797114587e-02,1.369074006289e-02,0.000000000000e+00,0.000000000000e+00,0.000000000000e+00,0.000000000000e+00,0.000000000000e+00,0.000000000000e+00,0.000000000000e+00,0.000000000000e+00
B,S2,108,36,1,MG3V,1,23,4.643485694283e-08,1.131848250484e-02,1.602800522499e-02,4.887502680475e-02,0.006334808,0.006334808,0.000000000000e+00,0.000000000000e+00,1.602800522499e-02,1.369075217672e-02,0.000000000000e+00,0.000000000000e+00,0.000000000000e+00,0.000000000000e+00,0.000000000000e+00,0.000000000000e+00,0.000000000000e+00,0.000000000000e+00
B,S2,108,36,1,MG2W,1,18,2.921490897464e-08,1.131848249634e-02,1.602800517517e-02,4.887502509952e-02,0.009625193,0.009625193,0.000000000000e+00,0.000000000000e+00,1.602800517517e-02,1.369075205765e-02,0.000000000000e+00,0.000000000000e+00,0.000000000000e+00,0.000000000000e+00,0.000000000000e+00,0.000000000000e+00,0.000000000000e+00,0.000000000000e+00
B,S2,108,36,1,MG2V,1,18,5.492070975141e-08,1.131848275463e-02,1.602800530921e-02,4.887502554439e-02,0.007665150,0.007665150,0.000000000000e+00,0.000000000000e+00,1.602800530921e-02,1.369075207210e-02,0.000000000000e+00,0.000000000000e+00,0.000000000000e+00,0.000000000000e+00,0.000000000000e+00,0.000000000000e+00,0.000000000000e+00,0.000000000000e+00
B,S2,108,36,1,RMT3H,1,14,8.862851850167e-08,1.131848085011e-02,1.602800110857e-02,4.887502770528e-02,0.306441598,0.306441598,0.000000000000e+00,0.000000000000e+00,1.602800110857e-02,1.369075226283e-02,0.000000000000e+00,0.000000000000e+00,0.000000000000e+00,0.000000000000e+00,0.000000000000e+00,0.000000000000e+00,0.000000000000e+00,0.000000000000e+00
B,S2,108,36,4,SG_RBGS,1,1794,9.912733262491e-08,1.131846389643e-02,1.602797114587e-02,4.887487751907e-02,0.016935721,0.016935721,0.000000000000e+00,0.000000000000e+00,1.602797114587e-02,1.369074006289e-02,0.000000000000e+00,0.000000000000e+00,0.000000000000e+00,0.000000000000e+00,0.000000000000e+00,0.000000000000e+00,0.000000000000e+00,0.000000000000e+00
B,S2,108,36,4,MG3V,1,23,4.643485694283e-08,1.131848250484e-02,1.602800522499e-02,4.887502680475e-02,0.006466899,0.006466899,0.000000000000e+00,0.000000000000e+00,1.602800522499e-02,1.369075217672e-02,0.000000000000e+00,0.000000000000e+00,0.000000000000e+00,0.000000000000e+00,0.000000000000e+00,0.000000000000e+00,0.000000000000e+00,0.000000000000e+00
B,S2,108,36,4,MG2W,1,18,2.921490897464e-08,1.131848249634e-02,1.602800517517e-02,4.887502509952e-02,0.010652620,0.010652620,0.000000000000e+00,0.000000000000e+00,1.602800517517e-02,1.369075205765e-02,0.000000000000e+00,0.000000000000e+00,0.000000000000e+00,0.000000000000e+00,0.000000000000e+00,0.000000000000e+00,0.000000000000e+00,0.000000000000e+00
B,S2,108,36,4,MG2V,1,18,5.492070975141e-08,1.131848275463e-02,1.602800530921e-02,4.887502554439e-02,0.006370090,0.006370090,0.000000000000e+00,0.000000000000e+00,1.602800530921e-02,1.369075207210e-02,0.000000000000e+00,0.000000000000e+00,0.000000000000e+00,0.000000000000e+00,0.000000000000e+00,0.000000000000e+00,0.000000000000e+00,0.000000000000e+00
B,S2,108,36,4,RMT3H,1,14,8.862851850167e-08,1.131848085011e-02,1.602800110857e-02,4.887502770528e-02,0.083136074,0.083136074,0.000000000000e+00,0.000000000000e+00,1.602800110857e-02,1.369075226283e-02,0.000000000000e+00,0.000000000000e+00,0.000000000000e+00,0.000000000000e+00,0.000000000000e+00,0.000000000000e+00,0.000000000000e+00,0.000000000000e+00
B,S2,108,36,16,SG_RBGS,1,1794,9.912733262491e-08,1.131846389643e-02,1.602797114587e-02,4.887487751907e-02,0.026126653,0.026126653,0.000000000000e+00,0.000000000000e+00,1.602797114587e-02,1.369074006289e-02,0.000000000000e+00,0.000000000000e+00,0.000000000000e+00,0.000000000000e+00,0.000000000000e+00,0.000000000000e+00,0.000000000000e+00,0.000000000000e+00
B,S2,108,36,16,MG3V,1,23,4.643485694283e-08,1.131848250484e-02,1.602800522499e-02,4.887502680475e-02,0.009617731,0.009617731,0.000000000000e+00,0.000000000000e+00,1.602800522499e-02,1.369075217672e-02,0.000000000000e+00,0.000000000000e+00,0.000000000000e+00,0.000000000000e+00,0.000000000000e+00,0.000000000000e+00,0.000000000000e+00,0.000000000000e+00
B,S2,108,36,16,MG2W,1,18,2.921490897464e-08,1.131848249634e-02,1.602800517517e-02,4.887502509952e-02,0.015111104,0.015111104,0.000000000000e+00,0.000000000000e+00,1.602800517517e-02,1.369075205765e-02,0.000000000000e+00,0.000000000000e+00,0.000000000000e+00,0.000000000000e+00,0.000000000000e+00,0.000000000000e+00,0.000000000000e+00,0.000000000000e+00
B,S2,108,36,16,MG2V,1,18,5.492070975141e-08,1.131848275463e-02,1.602800530921e-02,4.887502554439e-02,0.009237401,0.009237401,0.000000000000e+00,0.000000000000e+00,1.602800530921e-02,1.369075207210e-02,0.000000000000e+00,0.000000000000e+00,0.000000000000e+00,0.000000000000e+00,0.000000000000e+00,0.000000000000e+00,0.000000000000e+00,0.000000000000e+00
B,S2,108,36,16,RMT3H,1,14,8.862851850167e-08,1.131848085011e-02,1.602800110857e-02,4.887502770528e-02,0.026214652,0.026214652,0.000000000000e+00,0.000000000000e+00,1.602800110857e-02,1.369075226283e-02,0.000000000000e+00,0.000000000000e+00,0.000000000000e+00,0.000000000000e+00,0.000000000000e+00,0.000000000000e+00,0.000000000000e+00,0.000000000000e+00
B,S2,864,288,2,SG_RBGS,1,104230,9.997617465863e-08,1.518051876653e-03,2.112083781644e-03,6.784391512331e-03,64.782782912,64.782782912,0.000000000000e+00,0.000000000000e+00,2.112083781644e-03,1.889132548112e-03,0.000000000000e+00,0.000000000000e+00,0.000000000000e+00,0.000000000000e+00,0.000000000000e+00,0.000000000000e+00,0.000000000000e+00,0.000000000000e+00
B,S2,864,288,2,MG3V,1,40,8.141011931332e-08,1.518071655198e-03,2.112119414268e-03,6.784446945353e-03,0.373595782,0.373595782,0.000000000000e+00,0.000000000000e+00,2.112119414268e-03,1.889137830658e-03,0.000000000000e+00,0.000000000000e+00,0.000000000000e+00,0.000000000000e+00,0.000000000000e+00,0.000000000000e+00,0.000000000000e+00,0.000000000000e+00
B,S2,864,288,2,MG2W,1,84,8.730590506779e-08,1.518054739401e-03,2.112089044131e-03,6.784422986524e-03,1.561952066,1.561952066,0.000000000000e+00,0.000000000000e+00,2.112089044131e-03,1.889135447404e-03,0.000000000000e+00,0.000000000000e+00,0.000000000000e+00,0.000000000000e+00,0.000000000000e+00,0.000000000000e+00,0.000000000000e+00,0.000000000000e+00
B,S2,864,288,2,MG2V,1,166,9.241434521189e-08,1.518056916704e-03,2.112092960030e-03,6.784403245117e-03,2.530623052,2.530623052,0.000000000000e+00,0.000000000000e+00,2.112092960030e-03,1.889133656334e-03,0.000000000000e+00,0.000000000000e+00,0.000000000000e+00,0.000000000000e+00,0.000000000000e+00,0.000000000000e+00,0.000000000000e+00,0.000000000000e+00
B,S2,864,288,2,RMT3H,1,29,9.799993143727e-08,1.518068744897e-03,2.112115358309e-03,6.784557731694e-03,33.227119040,33.227119040,0.000000000000e+00,0.000000000000e+00,2.112115358309e-03,1.889148239425e-03,0.000000000000e+00,0.000000000000e+00,0.000000000000e+00,0.000000000000e+00,0.000000000000e+00,0.000000000000e+00,0.000000000000e+00,0.000000000000e+00
B,S2,864,288,4,SG_RBGS,1,104230,9.997617465864e-08,1.518051876653e-03,2.112083781644e-03,6.784391512331e-03,32.222552508,32.222552508,0.000000000000e+00,0.000000000000e+00,2.112083781644e-03,1.889132548112e-03,0.000000000000e+00,0.000000000000e+00,0.000000000000e+00,0.000000000000e+00,0.000000000000e+00,0.000000000000e+00,0.000000000000e+00,0.000000000000e+00
B,S2,864,288,4,MG3V,1,40,8.141011931332e-08,1.518071655198e-03,2.112119414268e-03,6.784446945353e-03,0.198085703,0.198085703,0.000000000000e+00,0.000000000000e+00,2.112119414268e-03,1.889137830658e-03,0.000000000000e+00,0.000000000000e+00,0.000000000000e+00,0.000000000000e+00,0.000000000000e+00,0.000000000000e+00,0.000000000000e+00,0.000000000000e+00
B,S2,864,288,4,MG2W,1,84,8.730590506779e-08,1.518054739401e-03,2.112089044131e-03,6.784422986524e-03,0.865351263,0.865351263,0.000000000000e+00,0.000000000000e+00,2.112089044131e-03,1.889135447404e-03,0.000000000000e+00,0.000000000000e+00,0.000000000000e+00,0.000000000000e+00,0.000000000000e+00,0.000000000000e+00,0.000000000000e+00,0.000000000000e+00
B,S2,864,288,4,MG2V,1,166,9.241434521190e-08,1.518056916704e-03,2.112092960030e-03,6.784403245117e-03,1.371253606,1.371253606,0.000000000000e+00,0.000000000000e+00,2.112092960030e-03,1.889133656334e-03,0.000000000000e+00,0.000000000000e+00,0.000000000000e+00,0.000000000000e+00,0.000000000000e+00,0.000000000000e+00,0.000000000000e+00,0.000000000000e+00
B,S2,864,288,4,RMT3H,1,29,9.799993143728e-08,1.518068744897e-03,2.112115358309e-03,6.784557731694e-03,17.078880947,17.078880947,0.000000000000e+00,0.000000000000e+00,2.112115358309e-03,1.889148239425e-03,0.000000000000e+00,0.000000000000e+00,0.000000000000e+00,0.000000000000e+00,0.000000000000e+00,0.000000000000e+00,0.000000000000e+00,0.000000000000e+00
B,S2,864,288,16,SG_RBGS,1,104230,9.997617465865e-08,1.518051876653e-03,2.112083781644e-03,6.784391512331e-03,8.798914276,8.798914276,0.000000000000e+00,0.000000000000e+00,2.112083781644e-03,1.889132548112e-03,0.000000000000e+00,0.000000000000e+00,0.000000000000e+00,0.000000000000e+00,0.000000000000e+00,0.000000000000e+00,0.000000000000e+00,0.000000000000e+00
B,S2,864,288,16,MG3V,1,40,8.141011931332e-08,1.518071655198e-03,2.112119414268e-03,6.784446945353e-03,0.075004574,0.075004574,0.000000000000e+00,0.000000000000e+00,2.112119414268e-03,1.889137830658e-03,0.000000000000e+00,0.000000000000e+00,0.000000000000e+00,0.000000000000e+00,0.000000000000e+00,0.000000000000e+00,0.000000000000e+00,0.000000000000e+00
B,S2,864,288,16,MG2W,1,84,8.730590506780e-08,1.518054739401e-03,2.112089044131e-03,6.784422986524e-03,0.355419658,0.355419658,0.000000000000e+00,0.000000000000e+00,2.112089044131e-03,1.889135447404e-03,0.000000000000e+00,0.000000000000e+00,0.000000000000e+00,0.000000000000e+00,0.000000000000e+00,0.000000000000e+00,0.000000000000e+00,0.000000000000e+00
B,S2,864,288,16,MG2V,1,166,9.241434521191e-08,1.518056916704e-03,2.112092960030e-03,6.784403245117e-03,0.528463613,0.528463613,0.000000000000e+00,0.000000000000e+00,2.112092960030e-03,1.889133656334e-03,0.000000000000e+00,0.000000000000e+00,0.000000000000e+00,0.000000000000e+00,0.000000000000e+00,0.000000000000e+00,0.000000000000e+00,0.000000000000e+00
B,S2,864,288,16,RMT3H,1,29,9.799993143728e-08,1.518068744897e-03,2.112115358309e-03,6.784557731694e-03,4.420476213,4.420476213,0.000000000000e+00,0.000000000000e+00,2.112115358309e-03,1.889148239425e-03,0.000000000000e+00,0.000000000000e+00,0.000000000000e+00,0.000000000000e+00,0.000000000000e+00,0.000000000000e+00,0.000000000000e+00,0.000000000000e+00
B,S2,432,144,2,SG_RBGS,1,26476,9.996463965176e-08,3.005733111018e-03,4.191321544260e-03,1.336583528444e-02,3.485618185,3.485618185,0.000000000000e+00,0.000000000000e+00,4.191321544260e-03,3.723352018408e-03,0.000000000000e+00,0.000000000000e+00,0.000000000000e+00,0.000000000000e+00,0.000000000000e+00,0.000000000000e+00,0.000000000000e+00,0.000000000000e+00
B,S2,432,144,2,MG3V,1,28,6.740022784147e-08,3.005752604522e-03,4.191356851606e-03,1.336598928056e-02,0.064230755,0.064230755,0.000000000000e+00,0.000000000000e+00,4.191356851606e-03,3.723365710933e-03,0.000000000000e+00,0.000000000000e+00,0.000000000000e+00,0.000000000000e+00,0.000000000000e+00,0.000000000000e+00,0.000000000000e+00,0.000000000000e+00
B,S2,432,144,2,MG2W,1,25,5.585156043925e-08,3.005752829645e-03,4.191357222359e-03,1.336591416568e-02,0.119703684,0.119703684,0.000000000000e+00,0.000000000000e+00,4.191357222359e-03,3.723359224453e-03,0.000000000000e+00,0.000000000000e+00,0.000000000000e+00,0.000000000000e+00,0.000000000000e+00,0.000000000000e+00,0.000000000000e+00,0.000000000000e+00
B,S2,432,144,2,MG2V,1,45,7.844888346760e-08,3.005742930209e-03,4.191339591828e-03,1.336589354630e-02,0.171798352,0.171798352,0.000000000000e+00,0.000000000000e+00,4.191339591828e-03,3.723357363058e-03,0.000000000000e+00,0.000000000000e+00,0.000000000000e+00,0.000000000000e+00,0.000000000000e+00,0.000000000000e+00,0.000000000000e+00,0.000000000000e+00
B,S2,432,144,2,RMT3H,1,20,3.111354484554e-08,3.005751880610e-03,4.191355811429e-03,1.336598253278e-02,5.767516706,5.767516706,0.000000000000e+00,0.000000000000e+00,4.191355811429e-03,3.723364503154e-03,0.000000000000e+00,0.000000000000e+00,0.000000000000e+00,0.000000000000e+00,0.000000000000e+00,0.000000000000e+00,0.000000000000e+00,0.000000000000e+00
B,S2,432,144,1,SG_RBGS,1,26476,9.996463965175e-08,3.005733111018e-03,4.191321544260e-03,1.336583528444e-02,7.867830869,7.867830869,0.000000000000e+00,0.000000000000e+00,4.191321544260e-03,3.723352018408e-03,0.000000000000e+00,0.000000000000e+00,0.000000000000e+00,0.000000000000e+00,0.000000000000e+00,0.000000000000e+00,0.000000000000e+00,0.000000000000e+00
B,S2,432,144,1,MG3V,1,28,6.740022784147e-08,3.005752604522e-03,4.191356851606e-03,1.336598928056e-02,0.124530602,0.124530602,0.000000000000e+00,0.000000000000e+00,4.191356851606e-03,3.723365710933e-03,0.000000000000e+00,0.000000000000e+00,0.000000000000e+00,0.000000000000e+00,0.000000000000e+00,0.000000000000e+00,0.000000000000e+00,0.000000000000e+00
B,S2,432,144,1,MG2W,1,25,5.585156043925e-08,3.005752829645e-03,4.191357222359e-03,1.336591416568e-02,0.216636840,0.216636840,0.000000000000e+00,0.000000000000e+00,4.191357222359e-03,3.723359224453e-03,0.000000000000e+00,0.000000000000e+00,0.000000000000e+00,0.000000000000e+00,0.000000000000e+00,0.000000000000e+00,0.000000000000e+00,0.000000000000e+00
B,S2,432,144,1,MG2V,1,45,7.844888346760e-08,3.005742930209e-03,4.191339591828e-03,1.336589354630e-02,0.317908604,0.317908604,0.000000000000e+00,0.000000000000e+00,4.191339591828e-03,3.723357363058e-03,0.000000000000e+00,0.000000000000e+00,0.000000000000e+00,0.000000000000e+00,0.000000000000e+00,0.000000000000e+00,0.000000000000e+00,0.000000000000e+00
B,S2,432,144,1,RMT3H,1,20,3.111354484554e-08,3.005751880610e-03,4.191355811429e-03,1.336598253278e-02,10.896421712,10.896421712,0.000000000000e+00,0.000000000000e+00,4.191355811429e-03,3.723364503154e-03,0.000000000000e+00,0.000000000000e+00,0.000000000000e+00,0.000000000000e+00,0.000000000000e+00,0.000000000000e+00,0.000000000000e+00,0.000000000000e+00
B,S2,432,144,4,SG_RBGS,1,26476,9.996463965176e-08,3.005733111018e-03,4.191321544260e-03,1.336583528444e-02,1.935825434,1.935825434,0.000000000000e+00,0.000000000000e+00,4.191321544260e-03,3.723352018408e-03,0.000000000000e+00,0.000000000000e+00,0.000000000000e+00,0.000000000000e+00,0.000000000000e+00,0.000000000000e+00,0.000000000000e+00,0.000000000000e+00
B,S2,432,144,4,MG3V,1,28,6.740022784147e-08,3.005752604522e-03,4.191356851606e-03,1.336598928056e-02,0.039750412,0.039750412,0.000000000000e+00,0.000000000000e+00,4.191356851606e-03,3.723365710933e-03,0.000000000000e+00,0.000000000000e+00,0.000000000000e+00,0.000000000000e+00,0.000000000000e+00,0.000000000000e+00,0.000000000000e+00,0.000000000000e+00
B,S2,432,144,4,MG2W,1,25,5.585156043925e-08,3.005752829645e-03,4.191357222359e-03,1.336591416568e-02,0.073984992,0.073984992,0.000000000000e+00,0.000000000000e+00,4.191357222359e-03,3.723359224453e-03,0.000000000000e+00,0.000000000000e+00,0.000000000000e+00,0.000000000000e+00,0.000000000000e+00,0.000000000000e+00,0.000000000000e+00,0.000000000000e+00
B,S2,432,144,4,MG2V,1,45,7.844888346760e-08,3.005742930209e-03,4.191339591828e-03,1.336589354630e-02,0.103010882,0.103010882,0.000000000000e+00,0.000000000000e+00,4.191339591828e-03,3.723357363058e-03,0.000000000000e+00,0.000000000000e+00,0.000000000000e+00,0.000000000000e+00,0.000000000000e+00,0.000000000000e+00,0.000000000000e+00,0.000000000000e+00
B,S2,432,144,4,RMT3H,1,20,3.111354484554e-08,3.005751880610e-03,4.191355811429e-03,1.336598253278e-02,2.973685235,2.973685235,0.000000000000e+00,0.000000000000e+00,4.191355811429e-03,3.723364503154e-03,0.000000000000e+00,0.000000000000e+00,0.000000000000e+00,0.000000000000e+00,0.000000000000e+00,0.000000000000e+00,0.000000000000e+00,0.000000000000e+00
B,S2,432,144,16,SG_RBGS,1,26476,9.996463965176e-08,3.005733111018e-03,4.191321544260e-03,1.336583528444e-02,0.833872523,0.833872523,0.000000000000e+00,0.000000000000e+00,4.191321544260e-03,3.723352018408e-03,0.000000000000e+00,0.000000000000e+00,0.000000000000e+00,0.000000000000e+00,0.000000000000e+00,0.000000000000e+00,0.000000000000e+00,0.000000000000e+00
B,S2,432,144,16,MG3V,1,28,6.740022784148e-08,3.005752604522e-03,4.191356851606e-03,1.336598928056e-02,0.024305955,0.024305955,0.000000000000e+00,0.000000000000e+00,4.191356851606e-03,3.723365710933e-03,0.000000000000e+00,0.000000000000e+00,0.000000000000e+00,0.000000000000e+00,0.000000000000e+00,0.000000000000e+00,0.000000000000e+00,0.000000000000e+00
B,S2,432,144,16,MG2W,1,25,5.585156043925e-08,3.005752829645e-03,4.191357222359e-03,1.336591416568e-02,0.042778060,0.042778060,0.000000000000e+00,0.000000000000e+00,4.191357222359e-03,3.723359224453e-03,0.000000000000e+00,0.000000000000e+00,0.000000000000e+00,0.000000000000e+00,0.000000000000e+00,0.000000000000e+00,0.000000000000e+00,0.000000000000e+00
B,S2,432,144,16,MG2V,1,45,7.844888346760e-08,3.005742930209e-03,4.191339591828e-03,1.336589354630e-02,0.054456379,0.054456379,0.000000000000e+00,0.000000000000e+00,4.191339591828e-03,3.723357363058e-03,0.000000000000e+00,0.000000000000e+00,0.000000000000e+00,0.000000000000e+00,0.000000000000e+00,0.000000000000e+00,0.000000000000e+00,0.000000000000e+00
B,S2,432,144,16,RMT3H,1,20,3.111354484554e-08,3.005751880610e-03,4.191355811429e-03,1.336598253278e-02,0.810390618,0.810390618,0.000000000000e+00,0.000000000000e+00,4.191355811429e-03,3.723364503154e-03,0.000000000000e+00,0.000000000000e+00,0.000000000000e+00,0.000000000000e+00,0.000000000000e+00,0.000000000000e+00,0.000000000000e+00,0.000000000000e+00
