solver,step,time_s,work_units,initial_residual,final_residual,final_relative_residual,convergence_factor,sec_per_work_unit_from_campaign,estimated_pressure_time_s
MG3V,1,9.9999999999999995e-08,88.0,14394028032.000002,1431902.5625019073,9.9478933854969657e-05,0.9005745543345145,0.0014682074581552514,0.12920225631766213
MG3V,2,2.1999999999999998e-07,127.0,14247321612.170654,295118.49883583188,9.7132284342818108e-05,0.91858676268723127,0.0014682074581552514,0.18646234718571691
MG3V,3,3.6399999999999998e-07,58.0,1195591060.9158902,181478.373155348,9.8441281719960689e-05,0.85932876315136242,0.0014682074581552514,0.08515603257300458
MG3V,4,5.3679999999999999e-07,9.0,577667739.39755201,95070.728309322149,7.4484654157248525e-05,0.37983634908509151,0.0014682074581552514,0.013213867123397262
MG3V,5,7.4415999999999996e-07,6.0,342976905.90184271,67048.116334677281,7.1545873278332887e-05,0.24090932854767144,0.0014682074581552514,0.008809244748931508
MG3V,6,9.9299199999999984e-07,12.0,223748329.87524116,68263.552886397578,9.5461551950925706e-05,0.50937280796971962,0.0014682074581552514,0.017618489497863016
MG3V,7,1.2915903999999997e-06,15.0,153974229.19901955,54753.881671087816,9.7423484074820666e-05,0.58893105843254012,0.0014682074581552514,0.02202311187232877
MG3V,8,1.6499084799999995e-06,8.0,109621655.67262226,38236.345735151321,8.4418917541269516e-05,0.36967706102919284,0.0014682074581552514,0.011745659665242011
MG3V,9,2.0798901759999993e-06,6.0,79922872.257609665,27493.27143932227,7.3646785520483816e-05,0.26470321905654803,0.0014682074581552514,0.008809244748931508
MG3V,10,2.5958682111999989e-06,5.0,59369821.816242397,23184.960227773525,7.3818001907271965e-05,0.20812685513594975,0.0014682074581552514,0.007341037290776257
MG3V,11,3.2150418534399987e-06,6.0,44835895.944469303,21615.218503418146,8.0274613885898737e-05,0.28001994303303818,0.0014682074581552514,0.008809244748931508
MG3V,12,3.9580502241279978e-06,6.0,34505786.275535464,22899.798342633527,9.7548297115096356e-05,0.29534069213276598,0.0014682074581552514,0.008809244748931508
MG3V,13,4.8496602689535971e-06,6.0,27094032.51847896,20042.724110295298,9.6517910566886795e-05,0.30073260537570629,0.0014682074581552514,0.008809244748931508
MG3V,14,5.9195923227443166e-06,5.0,21765997.531844974,17849.330722540617,9.6020244920090413e-05,0.24141745770009329,0.0014682074581552514,0.007341037290776257
MG3V,15,7.2035107872931793e-06,5.0,17962738.278498709,11665.38785154745,6.946545455938426e-05,0.23041212439375344,0.0014682074581552514,0.007341037290776257
MG3V,16,8.7442129447518142e-06,4.0,15272779.331522137,10615.568964486942,6.9538504306449611e-05,0.16237019034257918,0.0014682074581552514,0.0058728298326210055
MG3V,17,1.0593055533702177e-05,4.0,13393082.489521414,10106.963477477431,7.2571971851263941e-05,0.16574293997291251,0.0014682074581552514,0.0058728298326210055
MG3V,18,1.2811666640442613e-05,4.0,12075751.042404488,11047.639194458723,8.6857888839505441e-05,0.17391571750313653,0.0014682074581552514,0.0058728298326210055
MG3V,19,1.5473999968531135e-05,4.0,11142839.677988738,11199.699783399701,9.6508657818845014e-05,0.17805436497891647,0.0014682074581552514,0.0058728298326210055
MG3V,20,1.866879996223736e-05,4.0,10429420.456392154,10560.68966922164,9.9988626753474226e-05,0.17838487409135206,0.0014682074581552514,0.0058728298326210055
MG3V,21,2.2502559954684833e-05,4.0,9768491.6809586138,9423.5659766714089,9.8314827670348254e-05,0.17623693901455093,0.0014682074581552514,0.0058728298326210055
MG3V,22,2.7103071945621798e-05,4.0,9186404.9549872428,8116.3413573256694,9.3651738734904874e-05,0.17240651753465272,0.0014682074581552514,0.0058728298326210055
MG3V,23,3.2623686334746159e-05,4.0,8609240.3407077193,6670.7566770962439,8.5460979098642655e-05,0.16684091650896071,0.0014682074581552514,0.0058728298326210055
MG3V,24,3.9248423601695388e-05,4.0,8001188.7188066691,5329.8980777349789,7.6081797720875175e-05,0.16065383515588941,0.0014682074581552514,0.0058728298326210055
MG3V,25,4.7198108322034466e-05,4.0,7397589.9472657368,4267.6950527415611,6.8111956061348361e-05,0.15498004449640509,0.0014682074581552514,0.0058728298326210055
MG3V,26,5.6737729986441353e-05,4.0,6774019.4147389308,5127.8977501555346,9.1761592019667912e-05,0.16587205681395129,0.0014682074581552514,0.0058728298326210055
MG3V,27,6.6494143963285578e-05,5.0,1030194.2304851413,3955.6792525826022,7.2114541987617988e-05,0.32874593486513032,0.0014682074581552514,0.007341037290776257
MG3V,28,7.62803173865789e-05,5.0,318463.35851300508,4322.3503049202263,7.9261112978323473e-05,0.42318678570924628,0.0014682074581552514,0.007341037290776257
MG3V,29,8.6114838431844713e-05,5.0,430905.13037215918,3959.6768111994024,7.3189173027940181e-05,0.39143135849994903,0.0014682074581552514,0.007341037290776257
MG3V,30,9.6012619926341043e-05,5.0,438299.48532811552,3248.8825779163744,6.0541655813082952e-05,0.37496662250464141,0.0014682074581552514,0.007341037290776257
MG3V,31,0.00010598591101306382,4.0,458826.13434571773,4400.3306759460829,8.270563923188131e-05,0.31293871273427143,0.0014682074581552514,0.0058728298326210055
MG3V,32,0.00011604484119543379,4.0,463704.89098273963,3651.2099944865331,6.9228982035961253e-05,0.29788510209388297,0.0014682074581552514,0.0058728298326210055
MG3V,33,0.00012619792795215168,4.0,470121.56304308027,2753.3017339094076,5.2673340664876979e-05,0.27663740956660549,0.0014682074581552514,0.0058728298326210055
MG3V,34,0.00013645238075922373,3.0,471518.27412555367,5155.7964231151855,9.9531901471210254e-05,0.22195541454849807,0.0014682074581552514,0.004404622374465754
MG3V,35,0.00014676054048144596,4.0,303639.67577707767,2757.9015070408932,5.3552810230923225e-05,0.30871309961792009,0.0014682074581552514,0.0058728298326210055
MG3V,36,0.00015706870020366817,3.0,116582.80190785229,4402.8947076721815,8.568714128449274e-05,0.33550675635513366,0.0014682074581552514,0.004404622374465754
MG3V,37,0.00016737685992589037,3.0,107756.03925399482,4548.0307694320218,8.8693976555994381e-05,0.34817206620933139,0.0014682074581552514,0.004404622374465754
MG3V,38,0.00017768501964811258,3.0,99666.054363235831,4099.5894056930556,8.01008394193069e-05,0.34519489589558533,0.0014682074581552514,0.004404622374465754
MG3V,39,0.00018799317937033479,3.0,90260.275393538177,3592.6054430938675,7.0316138860593443e-05,0.34143205325112319,0.0014682074581552514,0.004404622374465754
MG3V,40,0.000198301339092557,3.0,82593.973067075014,3157.3000626897556,6.1893890665219568e-05,0.33686495579741316,0.0014682074581552514,0.004404622374465754
MG3V,41,0.0002086094988147792,3.0,75656.702629424632,2763.0005203080364,5.4242923934495379e-05,0.33177565795468478,0.0014682074581552514,0.004404622374465754
MG3V,42,0.00021891765853700141,3.0,69536.018778562546,2486.8917992054485,4.8887722874922113e-05,0.32946985853334798,0.0014682074581552514,0.004404622374465754
MG3V,43,0.00022922581825922362,2.0,64070.412740424275,4931.0716303841327,9.7055685195047482e-05,0.27742263651791882,0.0014682074581552514,0.0029364149163105028
MG3V,44,0.00023953397798144583,3.0,61913.1487422809,2887.930133495247,5.6907665040235625e-05,0.3599713445523095,0.0014682074581552514,0.004404622374465754
MG3V,45,0.00024984213770366803,2.0,54542.855426356196,4039.1686080258805,7.967705211529727e-05,0.27213039748853501,0.0014682074581552514,0.0029364149163105028
MG3V,46,0.00026015029742589024,2.0,53194.334661655128,4619.2816459829919,9.1211928693081941e-05,0.29468262562552727,0.0014682074581552514,0.0029364149163105028
MG3V,47,0.00027045845714811245,2.0,50060.096300698817,4452.861390942242,8.800795789229516e-05,0.29824539580679005,0.0014682074581552514,0.0029364149163105028
MG3V,48,0.00028076661687033465,2.0,46712.361917056143,4026.2435445478186,7.9645385358281744e-05,0.29358516535606738,0.0014682074581552514,0.0029364149163105028
MG3V,49,0.00029107477659255686,2.0,43789.220087260008,3643.6402886210708,7.2135715280229902e-05,0.28845903257688982,0.0014682074581552514,0.0029364149163105028
MG3V,50,0.00030138293631477907,2.0,41238.018832810223,3502.4195907785324,6.9393115834287452e-05,0.29143062682990412,0.0014682074581552514,0.0029364149163105028
MG3V,51,0.00031169109603700128,2.0,39000.424149170518,3428.0489738160977,6.7968818639037185e-05,0.29647552292551793,0.0014682074581552514,0.0029364149163105028
MG3V,52,0.00032199925575922348,2.0,36981.425166018307,3375.1029236256145,6.6964836531951556e-05,0.3021006701913046,0.0014682074581552514,0.0029364149163105028
MG3V,53,0.00033230741548144569,2.0,35122.178917475045,3335.8601576962974,6.6229066516955022e-05,0.308186203387948,0.0014682074581552514,0.0029364149163105028
MG3V,54,0.0003426155752036679,2.0,33402.732799991965,3286.2575619717827,6.5284268645985984e-05,0.31366047765920813,0.0014682074581552514,0.0029364149163105028
MG3V,55,0.00035292373492589011,2.0,31808.846344061196,3224.6927472257521,6.4098477673895361e-05,0.31839791218406849,0.0014682074581552514,0.0029364149163105028
MG3V,56,0.00036323189464811231,2.0,30323.653657138348,3149.9001866421895,6.2646377716348375e-05,0.32229801611403408,0.0014682074581552514,0.0029364149163105028
MG3V,57,0.00037354005437033452,2.0,28931.078382901847,3059.4073586466257,6.0878586296415587e-05,0.32518937138453424,0.0014682074581552514,0.0029364149163105028
MG3V,58,0.00038384821409255673,2.0,27617.290538661182,2948.5962012389209,5.8702927117877202e-05,0.32675114374068054,0.0014682074581552514,0.0029364149163105028
MG3V,59,0.00039415637381477893,2.0,26369.431471392512,2817.2755602005636,5.6115251645169743e-05,0.32686188480005968,0.0014682074581552514,0.0029364149163105028
MG3V,60,0.00040446453353700114,2.0,25182.40718460083,2669.7866943546105,5.3201747837996899e-05,0.32560394728181929,0.0014682074581552514,0.0029364149163105028
MG3V,61,0.00041477269325922335,2.0,24063.169969446957,2512.2118594869971,5.0083500474951312e-05,0.32311097618006268,0.0014682074581552514,0.0029364149163105028
MG3V,62,0.00042508085298144556,2.0,22994.787981934845,2344.5399094163768,4.6760271346691061e-05,0.31931116926586095,0.0014682074581552514,0.0029364149163105028
MG3V,63,0.00043538901270366776,2.0,21976.981860034168,2177.7842346017787,4.3451789018144462e-05,0.31479179202831759,0.0014682074581552514,0.0029364149163105028
MG3V,64,0.00044569717242588997,1.0,21026.031671255827,4823.4694835580885,9.6276166684843362e-05,0.22940465224125653,0.0014682074581552514,0.0014682074581552514
MG3V,65,0.00045600533214811218,2.0,23940.86425794661,2816.1700025477912,5.6232587309862113e-05,0.34297267596775061,0.0014682074581552514,0.0029364149163105028
MG3V,66,0.00046631349187033439,1.0,19274.467360086739,4165.709647634998,8.3208067182540679e-05,0.21612579843639587,0.0014682074581552514,0.0014682074581552514
MG3V,67,0.00047662165159255659,2.0,21461.661964014173,2301.1949793251697,4.5981538796726946e-05,0.3274500294603615,0.0014682074581552514,0.0029364149163105028
MG3V,68,0.0004869298113147788,1.0,17602.97348113358,3640.5419505853206,7.2766674958791482e-05,0.2068140336907944,0.0014682074581552514,0.0014682074581552514
MG3V,69,0.00049723797103700101,2.0,19767.85112413764,2019.1066003427841,4.0370947047863405e-05,0.31959493904596531,0.0014682074581552514,0.0029364149163105028
MG3V,70,0.00050754613075922321,1.0,16331.560758963227,3356.7780300453305,6.7136669777328952e-05,0.20553932839536079,0.0014682074581552514,0.0014682074581552514
MG3V,71,0.00051785429048144542,1.0,18448.103481315076,4692.5189022999257,9.3880900881399525e-05,0.25436321446552396,0.0014682074581552514,0.0014682074581552514
MG3V,72,0.00052816245020366763,2.0,19198.413310840726,2172.5856754421256,4.3478841771453024e-05,0.33639984524342464,0.0014682074581552514,0.0029364149163105028
MG3V,73,0.00053847060992588984,1.0,14554.02406501025,2814.4246102795005,5.6338084618568691e-05,0.1933777625835964,0.0014682074581552514,0.0014682074581552514
MG3V,74,0.00054877876964811204,1.0,16321.044546596706,3973.2736161742359,7.9557388413957746e-05,0.24344481168656268,0.0014682074581552514,0.0014682074581552514
MG3V,75,0.00055908692937033425,1.0,17151.272251069546,4577.1875523421913,9.1674450849558062e-05,0.26687160493629036,0.0014682074581552514,0.0014682074581552514
MG3V,76,0.00056939508909255646,1.0,17079.347693577409,4657.1132456529886,9.3299341183815713e-05,0.27267512373463004,0.0014682074581552514,0.0014682074581552514
MG3V,77,0.00057970324881477867,1.0,16565.11662504822,4459.5286642871797,8.9363013461442469e-05,0.26921202942476707,0.0014682074581552514,0.0014682074581552514
MG3V,78,0.00059001140853700087,1.0,15900.920219697058,4201.2962783239782,8.4208311767216228e-05,0.26421717864603061,0.0014682074581552514,0.0014682074581552514
MG3V,79,0.00060031956825922308,1.0,15298.685280196369,3995.9078619014472,8.0109988648283467e-05,0.26119289263855994,0.0014682074581552514,0.0014682074581552514
MG3V,80,0.00061062772798144529,1.0,14805.933503098786,3865.9333772957325,7.7521543660333947e-05,0.261107033642061,0.0014682074581552514,0.0014682074581552514
MG3V,81,0.00062093588770366749,1.0,14408.223639570177,3784.7867119517177,7.5910847178982575e-05,0.26268239629188772,0.0014682074581552514,0.0014682074581552514
MG3V,82,0.0006312440474258897,1.0,14056.201026402414,3722.9570020791143,7.4686549401732966e-05,0.26486224799190844,0.0014682074581552514,0.0014682074581552514
MG3V,83,0.00064155220714811191,1.0,13722.870321117342,3659.8111856356263,7.343491220234784e-05,0.26669429208288531,0.0014682074581552514,0.0014682074581552514
MG3V,84,0.00065186036687033412,1.0,13390.43159032613,3584.2325410023332,7.1932839165739503e-05,0.26767117376498523,0.0014682074581552514,0.0014682074581552514
MG3V,85,0.00066216852659255632,1.0,13051.781876496971,3496.048207288608,7.017674342287571e-05,0.26785984016359682,0.0014682074581552514,0.0014682074581552514
MG3V,86,0.00067247668631477853,1.0,12711.728147909045,3399.0744218528271,6.8243137651243692e-05,0.26739672075286958,0.0014682074581552514,0.0014682074581552514
MG3V,87,0.00068278484603700074,1.0,12376.311931245029,3299.5694011151791,6.6257636991934148e-05,0.2666036069101605,0.0014682074581552514,0.0014682074581552514
MG3V,88,0.00069309300575922295,1.0,12051.089692525566,3197.5543804392219,6.422068445633222e-05,0.26533321566948737,0.0014682074581552514,0.0014682074581552514
MG3V,89,0.00070340116548144515,1.0,11730.471148177981,3093.3638386428356,6.2139011556455075e-05,0.26370329030844664,0.0014682074581552514,0.0014682074581552514
MG3V,90,0.00071370932520366736,1.0,11415.784503847361,2987.5722971968353,6.0024177408826717e-05,0.26170538662410459,0.0014682074581552514,0.0014682074581552514
MG3V,91,0.00072401748492588957,1.0,11109.00239431113,2882.9995301961899,5.793286626475825e-05,0.25951921044436543,0.0014682074581552514,0.0014682074581552514
MG3V,92,0.00073432564464811177,1.0,10812.619835957885,2779.5173197668046,5.5862549484128786e-05,0.25706233659703698,0.0014682074581552514,0.0014682074581552514
MG3V,93,0.00074463380437033398,1.0,10524.589693941176,2676.7404012884945,5.3805526154969322e-05,0.25433204325575254,0.0014682074581552514,0.0014682074581552514
MG3V,94,0.00075494196409255619,1.0,10243.669169217348,2575.1801360473037,5.177211464173103e-05,0.25139235692868989,0.0014682074581552514,0.0014682074581552514
MG3V,95,0.0007652501238147784,1.0,9971.2159789800644,2477.5374535787851,4.9816664479558018e-05,0.24846893887381299,0.0014682074581552514,0.0014682074581552514
MG3V,96,0.0007755582835370006,1.0,9710.4729527160525,2385.1355358026922,4.7965849194465444e-05,0.24562506351820501,0.0014682074581552514,0.0014682074581552514
MG3V,97,0.00078586644325922281,1.0,9461.795623652637,2297.9215408097953,4.6218678080977344e-05,0.24286315538938943,0.0014682074581552514,0.0014682074581552514
MG3V,98,0.00079617460298144502,1.0,9224.6229663714767,2217.9233347419649,4.4616011742430095e-05,0.24043512052768368,0.0014682074581552514,0.0014682074581552514
MG3V,99,0.00080648276270366723,1.0,8998.5964765623212,2143.3178353905678,4.3121253404612861e-05,0.23818357017930938,0.0014682074581552514,0.0014682074581552514
MG3V,100,0.00081679092242588943,1.0,8784.6475796923041,2074.7944253813475,4.1748338264145082e-05,0.2361841390402164,0.0014682074581552514,0.0014682074581552514
MG3V,101,0.00082709908214811164,1.0,8581.8408609330654,2014.3941443059593,4.0538407318909542e-05,0.23472751090923202,0.0014682074581552514,0.0014682074581552514
MG3V,102,0.00083740724187033385,1.0,8391.6020077914,1961.7548139039427,3.9484250716544744e-05,0.23377595983252075,0.0014682074581552514,0.0014682074581552514
MG3V,103,0.00084771540159255605,1.0,8213.7879886999726,1915.4601610321552,3.8557432791328888e-05,0.2332005846349246,0.0014682074581552514,0.0014682074581552514
MG3V,104,0.00085802356131477826,1.0,8045.437105409801,1875.3912672381848,3.7755618542503506e-05,0.23309998483204353,0.0014682074581552514,0.0014682074581552514
MG3V,105,0.00086833172103700047,1.0,7887.196270108223,1842.3214085400105,3.7094434062450758e-05,0.23358381678952833,0.0014682074581552514,0.0014682074581552514
MG3V,106,0.00087863988075922268,1.0,7739.3409563302994,1814.6652683187276,3.6542015462628014e-05,0.23447284188125145,0.0014682074581552514,0.0014682074581552514
MG3V,107,0.00088894804048144488,1.0,7599.3523333519697,1790.3803522251546,3.6057273556615129e-05,0.23559643949755418,0.0014682074581552514,0.0014682074581552514
MG3V,108,0.00089925620020366709,1.0,7465.5810785740614,1769.209112284705,3.5635050452853911e-05,0.2369821040939826,0.0014682074581552514,0.0014682074581552514
MG3V,109,0.0009095643599258893,1.0,7338.1101141944528,1751.5808325912803,3.528402086653558e-05,0.23869644981248167,0.0014682074581552514,0.0014682074581552514
MG3V,110,0.00091987251964811151,1.0,7217.6366751268506,1737.0388780180365,3.4995014373151086e-05,0.24066587945665854,0.0014682074581552514,0.0014682074581552514
MG3V,111,0.00093018067937033371,1.0,7102.4973210766912,1722.442824319005,3.4704780273315623e-05,0.24251228074492173,0.0014682074581552514,0.0014682074581552514
MG3V,112,0.00094048883909255592,1.0,6988.7283480390906,1707.1148645821959,3.4399662804475571e-05,0.24426687940463176,0.0014682074581552514,0.0014682074581552514
MG3V,113,0.00095079699881477813,1.0,6876.3895043432713,1689.3493538610637,3.4045286848482633e-05,0.24567388929816081,0.0014682074581552514,0.0014682074581552514
MG3V,114,0.00096110515853700034,1.0,6763.686632424593,1669.8260099198669,3.3655340101695188e-05,0.24688104293815885,0.0014682074581552514,0.0014682074581552514
MG3V,115,0.00097141331825922254,1.0,6652.2258058637381,1649.6080280169845,3.3251246725247529e-05,0.24797835734362841,0.0014682074581552514,0.0014682074581552514
MG3V,116,0.00098172147798144486,1.0,6543.0490472018719,1627.0158847570419,3.2799148828853025e-05,0.24866325668960615,0.0014682074581552514,0.0014682074581552514
MG3V,117,0.00099202963770366717,1.0,6432.6367338970304,1600.7084890045226,3.2271997675230898e-05,0.24884173554672018,0.0014682074581552514,0.0014682074581552514
MG3V,118,0.0010023377974258895,1.0,6320.114822216332,1570.6905770581216,3.1669870663298149e-05,0.24852247486657422,0.0014682074581552514,0.0014682074581552514
MG3V,119,0.0010126459571481118,1.0,6206.2413519099355,1537.594559347257,3.1005503326567117e-05,0.24774972034789963,0.0014682074581552514,0.0014682074581552514
MG3V,120,0.0010229541168703341,1.0,6092.094642020762,1502.7960701361299,3.0306625303781713e-05,0.2466796985999628,0.0014682074581552514,0.0014682074581552514
MG3V,121,0.0010332622765925564,1.0,5979.0617390871048,1466.5108703095466,2.9577583685320212e-05,0.24527441500101593,0.0014682074581552514,0.0014682074581552514
MG3V,122,0.0010435704363147788,1.0,5866.8090087994933,1428.0114494021982,2.8803700745674999e-05,0.24340513680611664,0.0014682074581552514,0.0014682074581552514
MG3V,123,0.0010538785960370011,1.0,5753.7267728820443,1386.9806682188064,2.7978571584582649e-05,0.24105779140500744,0.0014682074581552514,0.0014682074581552514
MG3V,124,0.0010641867557592234,1.0,5640.2383161336184,1344.8659449797124,2.7131387846964019e-05,0.23844133343316201,0.0014682074581552514,0.0014682074581552514
MG3V,125,0.0010744949154814457,1.0,5528.5682352408767,1302.9825795758516,2.6288686226880956e-05,0.23568173967180517,0.0014682074581552514,0.0014682074581552514
MG3V,126,0.001084803075203668,1.0,5419.6225711852312,1262.2333593349904,2.5468688850030861e-05,0.23290060198028686,0.0014682074581552514,0.0014682074581552514
MG3V,127,0.0010951112349258903,1.0,5314.3747150525451,1223.6873737685382,2.4692979432320027e-05,0.23025989686096857,0.0014682074581552514,0.0014682074581552514
MG3V,128,0.0011054193946481126,1.0,5213.3663557544351,1186.1365978103131,2.3937194122472489e-05,0.22751836661182911,0.0014682074581552514,0.0014682074581552514
MG3V,129,0.001115727554370335,1.0,5114.2755855843425,1150.0408569388092,2.3210621788906292e-05,0.22486876932882544,0.0014682074581552514,0.0014682074581552514
MG3V,130,0.0011260357140925573,1.0,5018.4058551043272,1116.4879699125886,2.2535229742580124e-05,0.22247861216266215,0.0014682074581552514,0.0014682074581552514
MG3V,131,0.0011363438738147796,0.0,4927.2807692736387,4927.2807692736387,9.9460164778123193e-05,1,0.0014682074581552514,0.0
MG3V,132,0.0011466520335370019,1.0,10868.750154145062,2447.0868208147585,4.9401863489543028e-05,0.22514887048733037,0.0014682074581552514,0.0014682074581552514
MG3V,133,0.0011569601932592242,0.0,4561.7807369381189,4561.7807369381189,9.2097531918213465e-05,1,0.0014682074581552514,0.0
MG3V,134,0.0011672683529814465,1.0,9244.642792545259,2360.2648900821805,4.7655759129757194e-05,0.25531163756651176,0.0014682074581552514,0.0014682074581552514
MG3V,135,0.0011775765127036689,0.0,4902.6915667206049,4902.6915667206049,9.8994835339934913e-05,1,0.0014682074581552514,0.0
MG3V,136,0.0011878846724258912,1.0,9766.7434264197946,2175.9046809449792,4.3940044056571043e-05,0.22278712421778063,0.0014682074581552514,0.0014682074581552514
MG3V,137,0.0011981928321481135,0.0,4246.4702048078179,4246.4702048078179,8.575667867864285e-05,1,0.0014682074581552514,0.0
MG3V,138,0.0012085009918703358,1.0,8662.4461107477546,1837.5091413632035,3.7111466091500781e-05,0.21212358701814621,0.0014682074581552514,0.0014682074581552514
MG3V,139,0.0012188091515925581,0.0,4167.5131912752986,4167.5131912752986,8.4173765276244483e-05,1,0.0014682074581552514,0.0
MG3V,140,0.0012291173113147804,1.0,8683.5528103336692,1843.2147138044238,3.7231909909985076e-05,0.21226504336001126,0.0014682074581552514,0.0014682074581552514
MG3V,141,0.0012394254710370028,0.0,3970.6252703145146,3970.6252703145146,8.020800665748766e-05,1,0.0014682074581552514,0.0
MG3V,142,0.0012497336307592251,1.0,8261.9203753620386,1782.6872350983322,3.601402192535753e-05,0.21577153423246523,0.0014682074581552514,0.0014682074581552514
MG3V,143,0.0012600417904814474,0.0,3982.0405806452036,3982.0405806452036,8.0449278925808965e-05,1,0.0014682074581552514,0.0
MG3V,144,0.0012703499502036697,1.0,8262.2318569123745,1850.6631985437125,3.7392234564269352e-05,0.22399071226685618,0.0014682074581552514,0.0014682074581552514
MG3V,145,0.001280658109925892,0.0,3868.4392075017095,3868.4392075017095,7.8164269386661652e-05,1,0.0014682074581552514,0.0
MG3V,146,0.0012909662696481143,1.0,7936.6438647657633,1722.0628441274166,3.4798233138917779e-05,0.21697620221721267,0.0014682074581552514,0.0014682074581552514
MG3V,147,0.0013012744293703366,0.0,3775.2987525314093,3775.2987525314093,7.6291867655119022e-05,1,0.0014682074581552514,0.0
MG3V,148,0.001311582589092559,1.0,7811.1361596882343,1774.8244582545012,3.5868874364605414e-05,0.22721719631697468,0.0014682074581552514,0.0014682074581552514
MG3V,149,0.0013218907488147813,0.0,3691.2499488741159,3691.2499488741159,7.4602482527209339e-05,1,0.0014682074581552514,0.0
MG3V,150,0.0013321989085370036,1.0,7543.4838901907206,1619.3716535679996,3.273106767112878e-05,0.21467158638381573,0.0014682074581552514,0.0014682074581552514
MG3V,151,0.0013425070682592259,0.0,3572.1668701693416,3572.1668701693416,7.2204319418437963e-05,1,0.0014682074581552514,0.0
MG3V,152,0.0013528152279814482,1.0,7408.4829444661736,1730.3462371118367,3.4978254345592794e-05,0.23356282927050981,0.0014682074581552514,0.0014682074581552514
MG3V,153,0.0013631233877036705,0.0,3553.9775572493672,3553.9775572493672,7.1844970499974924e-05,1,0.0014682074581552514,0.0
MG3V,154,0.0013734315474258929,1.0,7206.8950752988458,1539.7020983695984,3.1127945911012084e-05,0.21364291866088422,0.0014682074581552514,0.0014682074581552514
MG3V,155,0.0013837397071481152,0.0,3400.5758459791541,3400.5758459791541,6.8751661171464332e-05,1,0.0014682074581552514,0.0
MG3V,156,0.0013940478668703375,1.0,7055.1385299265385,2032.1659841632008,4.1088661813948069e-05,0.2880405502376947,0.0014682074581552514,0.0014682074581552514
MG3V,157,0.0014043560265925598,0.0,3421.4000000059605,3421.4000000059605,6.9180274118865368e-05,1,0.0014682074581552514,0.0
MG3V,158,0.0014146641863147821,1.0,6876.6306793913245,2225.1131264465089,4.4994648711651016e-05,0.32357606947178114,0.0014682074581552514,0.0014682074581552514
MG3V,159,0.0014249723460370044,0.0,3639.097180004107,3639.097180004107,7.358997711605982e-05,1,0.0014682074581552514,0.0
MG3V,160,0.0014352805057592267,1.0,6706.933356128633,2895.1699358619389,5.8550382730603788e-05,0.43166821289738966,0.0014682074581552514,0.0014682074581552514
MG3V,161,0.0014455886654814491,0.0,4589.5295910390887,4589.5295910390887,9.2819345789498591e-05,1,0.0014682074581552514,0.0
MG3V,162,0.0014558968252036714,1.0,6547.3794007152319,3294.4868897478236,6.6632592314745518e-05,0.50317641427468462,0.0014682074581552514,0.0014682074581552514
MG3V,163,0.0014662049849258937,1.0,5348.8305249749019,2079.2866625250981,4.2056102893052902e-05,0.38873668792017946,0.0014682074581552514,0.0014682074581552514
MG3V,164,0.001476513144648116,0.0,3002.2322546094656,3002.2322546094656,6.0726469756231561e-05,1,0.0014682074581552514,0.0
MG3V,165,0.0014868213043703383,1.0,6557.807988718152,1195.5597354639322,2.418445269577203e-05,0.18231087850097713,0.0014682074581552514,0.0014682074581552514
MG3V,166,0.0014971294640925606,0.0,2694.8422821164131,2694.8422821164131,5.4514488915365475e-05,1,0.0014682074581552514,0.0
MG3V,167,0.001507437623814783,1.0,5814.6951310187578,1505.1689670644701,3.0450277699143803e-05,0.25885604200211243,0.0014682074581552514,0.0014682074581552514
MG3V,168,0.0015177457835370053,0.0,3188.1784622147679,3188.1784622147679,6.450058775534851e-05,1,0.0014682074581552514,0.0
MG3V,169,0.0015280539432592276,1.0,6345.2627568468451,1498.7613858551988,3.0323636616244456e-05,0.23620162683380808,0.0014682074581552514,0.0014682074581552514
MG3V,170,0.0015383621029814499,0.0,2742.9900287017226,2742.9900287017226,5.549910246109155e-05,1,0.0014682074581552514,0.0
MG3V,171,0.0015486702627036722,1.0,5683.709044277668,1542.5331694448832,3.121203485396776e-05,0.27139551962074809,0.0014682074581552514,0.0014682074581552514
MG3V,172,0.0015589784224258945,0.0,2796.7379529699683,2796.7379529699683,5.6591719299010905e-05,1,0.0014682074581552514,0.0
MG3V,173,0.0015692865821481169,1.0,5732.6360928863287,1880.0603099245095,3.8045096541419863e-05,0.32795737937342484,0.0014682074581552514,0.0014682074581552514
MG3V,174,0.0015795947418703392,0.0,3032.4508249041255,3032.4508249041255,6.1366817798785215e-05,1,0.0014682074581552514,0.0
MG3V,175,0.0015899029015925615,1.0,5363.8757098466158,2027.6591781627828,4.1035520580902105e-05,0.3780212830883744,0.0014682074581552514,0.0014682074581552514
MG3V,176,0.0016002110613147838,0.0,3305.0438514693533,3305.0438514693533,6.6889097257271345e-05,1,0.0014682074581552514,0.0
MG3V,177,0.0016105192210370061,1.0,5463.5432744249701,2471.1398973714813,5.0015002896632039e-05,0.45229620655499708,0.0014682074581552514,0.0014682074581552514
MG3V,178,0.0016208273807592284,0.0,3961.1594071108584,3961.1594071108584,8.0174766590815846e-05,1,0.0014682074581552514,0.0
MG3V,179,0.0016311355404814507,1.0,5424.0669654782241,3010.8014939895738,6.0942685815640985e-05,0.55508191789518591,0.0014682074581552514,0.0014682074581552514
MG3V,180,0.0016414437002036731,0.0,4748.6440159844233,4748.6440159844233,9.6121751934626621e-05,1,0.0014682074581552514,0.0
MG3V,181,0.0016517518599258954,1.0,6442.4495558445178,3583.7926316554822,7.2546892104611571e-05,0.55627794996148716,0.0014682074581552514,0.0014682074581552514
MG3V,182,0.0016620600196481177,1.0,5760.4820189420425,2399.4311058262888,4.857310429950989e-05,0.41653304323080986,0.0014682074581552514,0.0014682074581552514
MG3V,183,0.00167236817937034,0.0,3017.4669702603501,3017.4669702603501,6.1086577618724462e-05,1,0.0014682074581552514,0.0
MG3V,184,0.0016826763390925623,1.0,5141.3122113645077,1347.0403661526743,2.7271529639856234e-05,0.26200322228538014,0.0014682074581552514,0.0014682074581552514
MG3V,185,0.0016929844988147846,0.0,2075.5650084242225,2075.5650084242225,4.2021905753868382e-05,1,0.0014682074581552514,0.0
MG3V,186,0.001703292658537007,0.0,4547.5759228989482,4547.5759228989482,9.2074866674417833e-05,1,0.0014682074581552514,0.0
MG3V,187,0.0017136008182592293,1.0,7954.4763979315758,2443.8437247805541,4.948396937028724e-05,0.30722873543455775,0.0014682074581552514,0.0014682074581552514
MG3V,188,0.0017239089779814516,0.0,4161.7944261413959,4161.7944261413959,8.427037277654778e-05,1,0.0014682074581552514,0.0
MG3V,189,0.0017342171377036739,1.0,5873.0762303909542,4416.1347693252264,8.9423709042060539e-05,0.7519287331012996,0.0014682074581552514,0.0014682074581552514
MG3V,190,0.0017445252974258962,1.0,6692.7463068288507,2942.4333806711493,5.958404218118326e-05,0.43964513904686303,0.0014682074581552514,0.0014682074581552514
MG3V,191,0.0017548334571481185,0.0,3875.1104800653693,3875.1104800653693,7.8473341872115285e-05,1,0.0014682074581552514,0.0
MG3V,192,0.0017651416168703409,0.0,4846.5789090009921,4846.5789090009921,9.8151559776491113e-05,1,0.0014682074581552514,0.0
MG3V,193,0.0017754497765925632,1.0,8222.4309185519814,3007.511317154147,6.0911595919999883e-05,0.36576911949097746,0.0014682074581552514,0.0014682074581552514
MG3V,194,0.0017857579363147855,1.0,5269.8659178618536,2586.4309571381464,5.238299297602742e-05,0.49079634993589,0.0014682074581552514,0.0014682074581552514
MG3V,195,0.0017960660960370078,0.0,3130.8392693085489,3130.8392693085489,6.3410591694760629e-05,1,0.0014682074581552514,0.0
MG3V,196,0.0018063742557592301,0.0,3966.5262734442949,3966.5262734442949,8.0340081150792053e-05,1,0.0014682074581552514,0.0
MG3V,197,0.0018166824154814524,1.0,7152.1187859028578,1998.8120099361486,4.0487587888045957e-05,0.27947131049835128,0.0014682074581552514,0.0014682074581552514
MG3V,198,0.0018269905752036747,0.0,3581.3391347036222,3581.3391347036222,7.2543166588406372e-05,1,0.0014682074581552514,0.0
MG3V,199,0.0018372987349258971,1.0,5135.7191239056647,3212.3277510943349,6.5070503658997713e-05,0.6254874290421456,0.0014682074581552514,0.0014682074581552514
MG3V,200,0.0018476068946481194,1.0,5050.8158082853624,2159.300615428665,4.3741386215414359e-05,0.42751521682626925,0.0014682074581552514,0.0014682074581552514
RMT,1,9.9999999999999995e-08,4.0,14394028032.000002,369904.2036383152,2.5698449580337399e-05,0.071199465054348529,0.012049861233194343,0.04819944493277737
RMT,2,2.1999999999999998e-07,6.0,14247980474.950468,39279.543477473781,1.2930488818296067e-05,0.11841376414422419,0.012049861233194343,0.07229916739916606
RMT,3,3.6399999999999998e-07,3.0,1194639523.6269751,92101.871406442253,4.9963180247048077e-05,0.042560872775758339,0.012049861233194343,0.03614958369958303
RMT,4,5.3679999999999999e-07,3.0,577521400.34374213,33913.111139754765,2.6571455604925169e-05,0.038868685227504862,0.012049861233194343,0.03614958369958303
RMT,5,7.4415999999999996e-07,3.0,342961145.74913538,14074.649451650679,1.5019264287334272e-05,0.034492993655424763,0.012049861233194343,0.03614958369958303
RMT,6,9.9299199999999984e-07,3.0,223782416.03779876,6596.6809700932354,9.2248831912467874e-06,0.03089108583954649,0.012049861233194343,0.03614958369958303
RMT,7,1.2915903999999997e-06,3.0,153997087.44687283,3303.6629525478929,5.8779176730503495e-06,0.027786109446922339,0.012049861233194343,0.03614958369958303
RMT,8,1.6499084799999995e-06,2.0,109619008.02861905,32550.335732683539,7.1861888223386845e-05,0.017231964939197125,0.012049861233194343,0.024099722466388685
RMT,9,2.0798901759999993e-06,2.0,79913934.331987441,18874.056749958545,5.0556565519602943e-05,0.015368142260012046,0.012049861233194343,0.024099722466388685
RMT,10,2.5958682111999989e-06,2.0,59360870.34905082,11175.14846322313,3.5579877239565927e-05,0.013720707964307584,0.012049861233194343,0.024099722466388685
RMT,11,3.2150418534399987e-06,2.0,44827916.551913679,6796.5202577598393,2.5241505393423699e-05,0.012313146039786579,0.012049861233194343,0.024099722466388685
RMT,12,3.9580502241279978e-06,2.0,34515064.114966124,4300.5812893635593,1.8320181925690239e-05,0.011162442591197962,0.012049861233194343,0.024099722466388685
RMT,13,4.8496602689535971e-06,2.0,27097199.099309772,3072.1061724899337,1.4794709429723025e-05,0.010647702523349548,0.012049861233194343,0.024099722466388685
RMT,14,5.9195923227443166e-06,2.0,21766482.388534188,2310.0143785239197,1.2427254625446819e-05,0.010301802431018669,0.012049861233194343,0.024099722466388685
RMT,15,7.2035107872931793e-06,2.0,17960242.369705945,1793.641928775236,1.0681335423578705e-05,0.0099933656276332029,0.012049861233194343,0.024099722466388685
RMT,16,8.7442129447518142e-06,2.0,15271214.051331401,1440.3727381771896,9.4356591325429563e-06,0.0097118208865062516,0.012049861233194343,0.024099722466388685
RMT,17,1.0593055533702177e-05,2.0,13388978.671955496,1185.2179771703668,8.5106267615571218e-06,0.009408608340752302,0.012049861233194343,0.024099722466388685
RMT,18,1.2811666640442613e-05,2.0,12074135.189539015,993.46817872440442,7.8109372433411778e-06,0.009070870429338693,0.012049861233194343,0.024099722466388685
RMT,19,1.5473999968531135e-05,2.0,11141886.669504881,845.90546235139482,7.2892928881083163e-06,0.0087132775141456724,0.012049861233194343,0.024099722466388685
RMT,20,1.866879996223736e-05,2.0,10428810.475634396,729.52817341126502,6.9071654688441431e-06,0.0083638001450221464,0.012049861233194343,0.024099722466388685
RMT,21,2.2502559954684833e-05,2.0,9767641.7865327895,635.00047715450637,6.624831688172252e-06,0.0080629165278838025,0.012049861233194343,0.024099722466388685
RMT,22,2.7103071945621798e-05,2.0,9185848.9210485667,557.22778907889733,6.4296104918716768e-06,0.007788552185835562,0.012049861233194343,0.024099722466388685
RMT,23,3.2623686334746159e-05,2.0,8609344.2848682404,486.81809671031078,6.2367264910885755e-06,0.0075196619880566543,0.012049861233194343,0.024099722466388685
RMT,24,3.9248423601695388e-05,2.0,8001847.3296324611,427.49271195020992,6.1022481572216404e-06,0.0073091895903849464,0.012049861233194343,0.024099722466388685
RMT,25,4.7198108322034466e-05,2.0,7398305.9151253253,385.3406942790607,6.1500249646641483e-06,0.0072169931849494209,0.012049861233194343,0.024099722466388685
RMT,26,5.6737729986441353e-05,2.0,6774679.7217157781,378.22644130885601,6.7682807657373926e-06,0.0074719087427341478,0.012049861233194343,0.024099722466388685
RMT,27,6.6494457867314325e-05,2.0,1031679.4694755673,1431.5505655291781,2.6099068146044287e-05,0.037250401007686354,0.012049861233194343,0.024099722466388685
RMT,28,7.6281091062820977e-05,2.0,320080.50112567842,999.63163656331017,1.8331586258703562e-05,0.055884373555458423,0.012049861233194343,0.024099722466388685
RMT,29,8.6116133524050649e-05,2.0,431442.80047489703,553.30776807307848,1.0227667517948691e-05,0.035811438844196679,0.012049861233194343,0.024099722466388685
RMT,30,9.601441129359645e-05,2.0,438136.29289825261,331.82211766214459,6.1836761362216122e-06,0.027519975989276423,0.012049861233194343,0.024099722466388685
RMT,31,0.00010598810203305325,2.0,458248.2895898968,234.39560997250373,4.4057063448796261e-06,0.022616443421676465,0.012049861233194343,0.024099722466388685
RMT,32,0.00011604731647361631,2.0,462821.31706767529,174.47115810547257,3.3081428985048766e-06,0.01941579352857396,0.012049861233194343,0.024099722466388685
RMT,33,0.00012620053889529119,2.0,468989.52741509676,134.86714732035762,2.5801563603149692e-06,0.016957878264073693,0.012049861233194343,0.024099722466388685
RMT,34,0.00013645498177039872,2.0,470064.13962488621,104.69305367919151,2.0210680191910628e-06,0.014923832749655567,0.012049861233194343,0.024099722466388685
RMT,35,0.00014676314149262096,1.0,301174.2190431878,4572.972734592855,8.8796135528208009e-05,0.015183812044473499,0.012049861233194343,0.012049861233194343
RMT,36,0.00015707130121484316,1.0,120089.38818336278,3951.7991014291765,7.690915957020814e-05,0.032907146594795128,0.012049861233194343,0.012049861233194343
RMT,37,0.00016737946093706537,1.0,109392.96212825179,3266.4880843722494,6.3702663295000123e-05,0.029860130129236599,0.012049861233194343,0.012049861233194343
RMT,38,0.00017768762065928758,1.0,99961.96564732492,2791.0398813880456,5.4533652694659185e-05,0.027921018392486327,0.012049861233194343,0.012049861233194343
RMT,39,0.00018799578038150978,1.0,90393.538627333939,2428.1783954522107,4.7525445978067847e-05,0.026862300473299076,0.012049861233194343,0.012049861233194343
RMT,40,0.00019830394010373199,1.0,82631.277760371566,2130.889617328532,4.1772684071555057e-05,0.025787930128686298,0.012049861233194343,0.012049861233194343
RMT,41,0.0002086120998259542,1.0,75630.71445877105,1874.4899573281873,3.679973330037917e-05,0.024784771249913781,0.012049861233194343,0.012049861233194343
RMT,42,0.00021892025954817641,1.0,69502.410412587225,1644.125292073586,3.2320459347858059e-05,0.023655658592465548,0.012049861233194343,0.012049861233194343
RMT,43,0.00022922841927039861,1.0,64035.180578052998,1439.75354987022,2.8337914654171426e-05,0.022483789955355757,0.012049861233194343,0.012049861233194343
RMT,44,0.00023953657899262082,1.0,59184.669913865626,1260.0185709709767,2.4828737286707232e-05,0.021289610515776197,0.012049861233194343,0.012049861233194343
RMT,45,0.00024984473871484303,1.0,54856.497379697859,1101.0361641449854,2.1719117081371396e-05,0.020071207910413797,0.012049861233194343,0.012049861233194343
RMT,46,0.00026015289843706524,1.0,50987.029280602932,965.93425080849556,1.9073024549614191e-05,0.018944705436603409,0.012049861233194343,0.012049861233194343
RMT,47,0.00027046105815928744,1.0,47516.2617232427,852.57160176563775,1.6850234445466844e-05,0.017942733094859612,0.012049861233194343,0.012049861233194343
RMT,48,0.00028076921788150965,1.0,44393.182630084455,751.85223764705006,1.4872537821170785e-05,0.016936209415576647,0.012049861233194343,0.012049861233194343
RMT,49,0.00029107737760373186,1.0,41567.18079674989,668.74307333561592,1.3239334480139427e-05,0.016088247038103302,0.012049861233194343,0.012049861233194343
RMT,50,0.00030138553732595406,1.0,39010.435146577656,667.63036387600005,1.3227450626506849e-05,0.017114148082877013,0.012049861233194343,0.012049861233194343
RMT,51,0.00031169369704817627,1.0,36695.954866923392,652.9399005624,1.2945752979050297e-05,0.017793239143940084,0.012049861233194343,0.012049861233194343
RMT,52,0.00032200185677039848,1.0,34576.184330202639,646.14125226810575,1.2819705207515759e-05,0.018687465513761013,0.012049861233194343,0.012049861233194343
RMT,53,0.00033231001649262069,1.0,32638.671189695597,646.90547975595109,1.2843156797909396e-05,0.019820214983512767,0.012049861233194343,0.012049861233194343
RMT,54,0.00034261817621484289,1.0,30859.126003563404,641.49896821356378,1.2743611125996095e-05,0.020787982399096065,0.012049861233194343,0.012049861233194343
RMT,55,0.0003529263359370651,1.0,29220.395506337285,637.4965520943515,1.2671451099881573e-05,0.021816835160772961,0.012049861233194343,0.012049861233194343
RMT,56,0.00036323449565928731,1.0,27738.12567371875,641.63012981181964,1.2760649332343323e-05,0.023131704620537853,0.012049861233194343,0.012049861233194343
RMT,57,0.00037354265538150952,1.0,26382.171463914216,641.47564180148765,1.2764274092805414e-05,0.02431474007660454,0.012049861233194343,0.012049861233194343
RMT,58,0.00038385081510373172,1.0,25128.1703812778,636.91771572688594,1.267991916961452e-05,0.025346760470926807,0.012049861233194343,0.012049861233194343
RMT,59,0.00039415897482595393,1.0,23975.983882382512,629.71214524540119,1.2542455617199979e-05,0.026264287978109292,0.012049861233194343,0.012049861233194343
RMT,60,0.00040446713454817614,1.0,22897.876631140709,621.30400294507854,1.2380630750680503e-05,0.02713369509992538,0.012049861233194343,0.012049861233194343
RMT,61,0.00041477529427039834,1.0,21899.428186357021,621.02742011286318,1.2380522010428766e-05,0.028358156880998058,0.012049861233194343,0.012049861233194343
RMT,62,0.00042508345399262055,1.0,20966.860096886754,618.64581426000223,1.2338200555144216e-05,0.029505887452926788,0.012049861233194343,0.012049861233194343
RMT,63,0.00043539161371484276,1.0,20095.690317861736,609.66166083747521,1.2163896762329461e-05,0.030337930730132079,0.012049861233194343,0.012049861233194343
RMT,64,0.00044569977343706497,1.0,19284.809784151614,600.33399143349379,1.1982402649485858e-05,0.031129889179765325,0.012049861233194343,0.012049861233194343
RMT,65,0.00045600793315928717,1.0,18525.684812173247,591.51596856769174,1.1810765980103856e-05,0.031929506226890246,0.012049861233194343,0.012049861233194343
RMT,66,0.00046631609288150938,1.0,17812.13889413327,578.61705122841522,1.1557324419751288e-05,0.032484422823526968,0.012049861233194343,0.012049861233194343
RMT,67,0.00047662425260373159,1.0,17144.935478098691,563.82476111501455,1.1265720488656393e-05,0.032885790782663279,0.012049861233194343,0.012049861233194343
RMT,68,0.0004869324123259538,1.0,16518.149037867785,558.10001628287137,1.11550166746848e-05,0.033787079593689914,0.012049861233194343,0.012049861233194343
RMT,69,0.000497240572048176,1.0,15928.385259114206,547.48455783212557,1.0946325304095869e-05,0.034371629573616412,0.012049861233194343,0.012049861233194343
RMT,70,0.00050754873177039821,1.0,15372.430163927376,534.57943666260689,1.0691588319402197e-05,0.034775206715008528,0.012049861233194343,0.012049861233194343
RMT,71,0.00051785689149262042,1.0,14849.674581989646,520.62108508846723,1.0415514632241089e-05,0.03505942720926019,0.012049861233194343,0.012049861233194343
RMT,72,0.00052816505121484262,1.0,14354.995419718325,505.32733045332134,1.011245281774995e-05,0.035202193778424547,0.012049861233194343,0.012049861233194343
RMT,73,0.00053847321093706483,1.0,13885.320965692401,492.05615257332101,9.8496110472636336e-06,0.035437146450491452,0.012049861233194343,0.012049861233194343
RMT,74,0.00054878137065928704,1.0,13441.940125510097,478.54641790129244,9.581761468657643e-06,0.035600993118032692,0.012049861233194343,0.012049861233194343
RMT,75,0.00055908953038150925,1.0,13020.833582319319,464.58272444549948,9.3045972980340066e-06,0.035679952555137895,0.012049861233194343,0.012049861233194343
RMT,76,0.00056939769010373145,1.0,12619.049980558455,451.82818424119614,9.0514387530030677e-06,0.035805245635551444,0.012049861233194343,0.012049861233194343
RMT,77,0.00057970584982595366,1.0,12238.162677519023,440.21212687599473,8.8208977682893465e-06,0.035970442498255512,0.012049861233194343,0.012049861233194343
RMT,78,0.00059001400954817587,1.0,11875.788915164769,427.27921691630036,8.5637881327658734e-06,0.035979017475688449,0.012049861233194343,0.012049861233194343
RMT,79,0.00060032216927039808,1.0,11529.606044434011,414.81329111219384,8.3158601703702826e-06,0.035978097561490188,0.012049861233194343,0.012049861233194343
RMT,80,0.00061063032899262028,1.0,11198.646677829325,407.63154279137962,8.1737209858371163e-06,0.036400071769242773,0.012049861233194343,0.012049861233194343
RMT,81,0.00062093848871484249,1.0,10883.261872440577,397.65337841166183,7.9753818929014632e-06,0.03653806947516626,0.012049861233194343,0.012049861233194343
RMT,82,0.0006312466484370647,1.0,10582.728098325431,385.62558696116321,7.7357930239091013e-06,0.036439147200822732,0.012049861233194343,0.012049861233194343
RMT,83,0.0006415548081592869,1.0,10294.478602945805,372.98419527919032,7.4837474548596762e-06,0.036231479967568196,0.012049861233194343,0.012049861233194343
RMT,84,0.00065186296788150911,1.0,10018.014349251986,360.75208915723488,7.2397713974954787e-06,0.0360103386340399,0.012049861233194343,0.012049861233194343
RMT,85,0.00066217112760373132,1.0,9754.7956965565681,349.62224275339395,7.0177853528354686e-06,0.035841062553140936,0.012049861233194343,0.012049861233194343
RMT,86,0.00067247928732595353,1.0,9501.9170700982213,339.49157527438365,6.8157376869143292e-06,0.035728745343688244,0.012049861233194343,0.012049861233194343
RMT,87,0.00068278744704817573,1.0,9259.4739021956921,328.00621792394668,6.5863784813666055e-06,0.03542385036002605,0.012049861233194343,0.012049861233194343
RMT,88,0.00069309560677039794,1.0,9025.0278908535838,317.0008142888546,6.366543273492363e-06,0.035124635416375734,0.012049861233194343,0.012049861233194343
RMT,89,0.00070340376649262015,1.0,8801.7964797243476,307.20704044122249,6.1709390873241532e-06,0.034902765719350456,0.012049861233194343,0.012049861233194343
RMT,90,0.00071371192621484236,1.0,8587.168557882309,298.35103129292838,5.994080311385495e-06,0.034743819139204719,0.012049861233194343,0.012049861233194343
RMT,91,0.00072402008593706456,1.0,8380.340521492064,289.33653684798628,5.8139517046836495e-06,0.034525630086982652,0.012049861233194343,0.012049861233194343
RMT,92,0.00073432824565928677,1.0,8180.7908315137029,279.47527348250151,5.61672198498179e-06,0.034162378581532538,0.012049861233194343,0.012049861233194343
RMT,93,0.00074463640538150898,1.0,7988.7107723280787,270.39749961066991,5.4351550923088589e-06,0.033847451399454082,0.012049861233194343,0.012049861233194343
RMT,94,0.00075494456510373118,1.0,7804.6492908447981,262.40336655196734,5.27529570805594e-06,0.033621416770101151,0.012049861233194343,0.012049861233194343
RMT,95,0.00076525272482595339,1.0,7626.8759271726012,254.67001894232817,5.1206114404069135e-06,0.033391131752255762,0.012049861233194343,0.012049861233194343
RMT,96,0.0007755608845481756,1.0,7454.6746960431337,245.61244743247516,4.9392325661065634e-06,0.032947440022143927,0.012049861233194343,0.012049861233194343
RMT,97,0.00078586904427039781,1.0,7288.8947044461966,237.77479624096304,4.7823194635405602e-06,0.03262151613960363,0.012049861233194343,0.012049861233194343
RMT,98,0.00079617720399262001,1.0,7129.1306671500206,228.48647797200829,4.5961643092500282e-06,0.032049697030360265,0.012049861233194343,0.012049861233194343
RMT,99,0.00080648536371484222,1.0,6974.4578609094024,219.91798231983557,4.4244237836626482e-06,0.031531910681178076,0.012049861233194343,0.012049861233194343
RMT,100,0.00081679352343706443,1.0,6824.9120924174786,213.12485039001331,4.2883448601418846e-06,0.031227486523496235,0.012049861233194343,0.012049861233194343
RMT,101,0.00082710168315928664,1.0,6680.831869378686,207.32343900902197,4.1721738864639953e-06,0.031032578436718382,0.012049861233194343,0.012049861233194343
RMT,102,0.00083740984288150884,1.0,6541.4731106087565,202.10452534840442,4.0676840151290041e-06,0.030895873441815058,0.012049861233194343,0.012049861233194343
RMT,103,0.00084771800260373105,1.0,6406.6237546429038,197.42897816002369,3.9740934185799332e-06,0.030816384061409286,0.012049861233194343,0.012049861233194343
RMT,104,0.00085802616232595326,1.0,6275.9335321635008,194.45779391890392,3.9147803168147021e-06,0.030984680274628168,0.012049861233194343,0.012049861233194343
RMT,105,0.00086833432204817546,1.0,6149.403476767242,193.18061879882589,3.8895500335254428e-06,0.031414529804178901,0.012049861233194343,0.012049861233194343
RMT,106,0.00087864248177039767,1.0,6026.5394496321678,190.2962511528749,3.8319403720517834e-06,0.031576371936715641,0.012049861233194343,0.012049861233194343
RMT,107,0.00088895064149261988,1.0,5908.0051273107529,186.78218499175273,3.7616261553695709e-06,0.031615102046597843,0.012049861233194343,0.012049861233194343
RMT,108,0.00089925880121484209,1.0,5793.020204693079,183.21181418420747,3.6901525952333452e-06,0.031626303328923785,0.012049861233194343,0.012049861233194343
RMT,109,0.00090956696093706429,1.0,5681.8240156173706,179.54477674048394,3.6167070149724589e-06,0.031599848261223404,0.012049861233194343,0.012049861233194343
RMT,110,0.0009198751206592865,1.0,5573.8606055006385,175.99463336239569,3.5455918695720814e-06,0.031574997262886886,0.012049861233194343,0.012049861233194343
RMT,111,0.00093018328038150871,1.0,5468.979830570519,172.52235035807826,3.4760221524259781e-06,0.03154561832422792,0.012049861233194343,0.012049861233194343
RMT,112,0.00094049144010373092,1.0,5367.1204797998071,169.07975950534455,3.4070284280615221e-06,0.031502881320012999,0.012049861233194343,0.012049861233194343
RMT,113,0.00095079959982595312,1.0,5268.3616981059313,165.70439321966842,3.3393678791723422e-06,0.031452736678888628,0.012049861233194343,0.012049861233194343
RMT,114,0.00096110775954817533,1.0,5172.4451858177781,162.56867861421779,3.2765167312770875e-06,0.031429753776794293,0.012049861233194343,0.012049861233194343
RMT,115,0.00097141591927039754,1.0,5079.0991258695722,159.564046084648,3.2162886222935008e-06,0.031415816492325235,0.012049861233194343,0.012049861233194343
RMT,116,0.00098172407899261975,1.0,4988.6322382986546,156.71713135531172,3.1592218173449669e-06,0.031414849575834687,0.012049861233194343,0.012049861233194343
RMT,117,0.00099203223871484206,0.0,4900.6421857401729,4900.6421857401729,9.8800591967045237e-05,1,0.012049861233194343,0.0
RMT,118,0.0010023403984370644,1.0,12382.070481538773,376.60807862645015,7.5938444044013409e-06,0.030415598036528657,0.012049861233194343,0.012049861233194343
RMT,119,0.0010126485581592867,0.0,2513.6862418660257,2513.6862418660257,5.0687531785186407e-05,1,0.012049861233194343,0.0
RMT,120,0.001022956717881509,1.0,7212.9368439018726,277.88344468339346,5.6039971161669792e-06,0.038525700515224678,0.012049861233194343,0.012049861233194343
RMT,121,0.0010332648776037313,0.0,4016.0573006048799,4016.0573006048799,8.0997255846563604e-05,1,0.012049861233194343,0.0
RMT,122,0.0010435730373259536,1.0,10673.673375695944,295.7166427061893,5.9649181281580648e-06,0.027705236266601423,0.012049861233194343,0.012049861233194343
RMT,123,0.001053881197048176,0.0,2476.5567190654101,2476.5567190654101,4.9957115145075593e-05,1,0.012049861233194343,0.0
RMT,124,0.0010641893567703983,1.0,7441.2492159903049,273.9537379979156,5.5267667484713648e-06,0.036815557448233775,0.012049861233194343,0.012049861233194343
RMT,125,0.0010744975164926206,0.0,3451.488871768117,3451.488871768117,6.9635487909331935e-05,1,0.012049861233194343,0.0
RMT,126,0.0010848056762148429,1.0,9436.6686609536409,268.52453817380592,5.4182690111755143e-06,0.028455437805598408,0.012049861233194343,0.012049861233194343
RMT,127,0.0010951138359370652,0.0,2421.1743139177561,2421.1743139177561,4.8856669465259692e-05,1,0.012049861233194343,0.0
RMT,128,0.0011054219956592875,1.0,7431.2318846955895,260.28595570661128,5.2528189874792896e-06,0.035025949902419647,0.012049861233194343,0.012049861233194343
RMT,129,0.0011157301553815098,0.0,3023.5805955156684,3023.5805955156684,6.1022465121822093e-05,1,0.012049861233194343,0.0
RMT,130,0.0011260383151037322,1.0,8454.1362726390362,251.46999306697398,5.0757702711492252e-06,0.029745202224954827,0.012049861233194343,0.012049861233194343
RMT,131,0.0011363464748259545,0.0,2463.9065230563283,2463.9065230563283,4.9734941472804903e-05,1,0.012049861233194343,0.0
RMT,132,0.0011466546345481768,1.0,7345.419834651053,245.90004332619719,4.9640799610989657e-06,0.033476649240142278,0.012049861233194343,0.012049861233194343
RMT,133,0.0011569627942703991,0.0,2663.429116949439,2663.429116949439,5.377057176940001e-05,1,0.012049861233194343,0.0
RMT,134,0.0011672709539926214,1.0,7610.4374215528369,239.07782283145934,4.8270984756554997e-06,0.031414465370201781,0.012049861233194343,0.012049861233194343
RMT,135,0.0011775791137148437,0.0,2485.4079333096743,2485.4079333096743,5.018412269060112e-05,1,0.012049861233194343,0.0
RMT,136,0.0011878872734370661,1.0,7237.2674195840955,233.21438774187118,4.7094006622253991e-06,0.03222409429155422,0.012049861233194343,0.012049861233194343
RMT,137,0.0011981954331592884,0.0,2351.3397509753704,2351.3397509753704,4.7483891389979319e-05,1,0.012049861233194343,0.0
RMT,138,0.0012085035928815107,1.0,6871.0709979981184,264.44025372911619,5.3406988545329072e-06,0.03848603133429427,0.012049861233194343,0.012049861233194343
RMT,139,0.001218811752603733,0.0,2488.839960090816,2488.839960090816,5.0267735282357961e-05,1,0.012049861233194343,0.0
RMT,140,0.0012291199123259553,1.0,7107.450138643384,315.44541117174685,6.3717251790264599e-06,0.044382360061404058,0.012049861233194343,0.012049861233194343
RMT,141,0.0012394280720481776,0.0,2090.2721199244261,2090.2721199244261,4.2223475609854145e-05,1,0.012049861233194343,0.0
RMT,142,0.0012497362317704,1.0,6242.8316092640162,401.08868345590599,8.1026660857885352e-06,0.06424787797587117,0.012049861233194343,0.012049861233194343
RMT,143,0.0012600443914926223,0.0,2459.2154161855578,2459.2154161855578,4.9682755353068914e-05,1,0.012049861233194343,0.0
RMT,144,0.0012703525512148446,1.0,6922.5249991193414,490.88738862858645,9.9181364858044332e-06,0.070911609375341425,0.012049861233194343,0.012049861233194343
RMT,145,0.0012806607109370669,0.0,2107.1986972273944,2107.1986972273944,4.2576539982885378e-05,1,0.012049861233194343,0.0
RMT,146,0.0012909688706592892,1.0,5768.0530736222863,620.11431315534674,1.2530560589841775e-05,0.10750842706201391,0.012049861233194343,0.012049861233194343
RMT,147,0.0013012770303815115,0.0,2636.1486119254159,2636.1486119254159,5.3270816961651029e-05,1,0.012049861233194343,0.0
RMT,148,0.0013115851901037338,1.0,6611.7069567814469,834.55752936271483,1.6866033683460857e-05,0.12622421635107889,0.012049861233194343,0.012049861233194343
RMT,149,0.0013218933498259562,0.0,3269.0028050640994,3269.0028050640994,6.6067512783861084e-05,1,0.012049861233194343,0.0
RMT,150,0.0013322015095481785,1.0,5879.9856711667671,1128.0505467189005,2.2799936844053567e-05,0.19184579857914197,0.012049861233194343,0.012049861233194343
RMT,151,0.0013425096692704008,0.0,4088.748069407301,4088.748069407301,8.2644568921217676e-05,1,0.012049861233194343,0.0
RMT,152,0.0013528178289926231,1.0,7334.3153588895038,1502.4280878881791,3.0370507349587644e-05,0.20484912556523385,0.012049861233194343,0.012049861233194343
RMT,153,0.0013631259887148454,1.0,5315.7688802840357,1125.1016227940886,2.2743992863739594e-05,0.21165360047293316,0.012049861233194343,0.012049861233194343
RMT,154,0.0013734341484370677,0.0,2997.3818862587214,2997.3818862587214,6.0595664665305689e-05,1,0.012049861233194343,0.0
RMT,155,0.0013837423081592901,1.0,7316.5717701017857,652.53176672723384,1.3192860504764778e-05,0.089185452863828882,0.012049861233194343,0.012049861233194343
RMT,156,0.0013940504678815124,0.0,2219.745138338897,2219.745138338897,4.4879884786057004e-05,1,0.012049861233194343,0.0
RMT,157,0.0014043586276037347,0.0,4421.9976092800498,4421.9976092800498,8.9411750153401245e-05,1,0.012049861233194343,0.0
RMT,158,0.001414666787325957,1.0,8916.2574272155762,1250.176646360916,2.5280571152697967e-05,0.14021316191981337,0.012049861233194343,0.012049861233194343
RMT,159,0.0014249749470481793,1.0,5010.6783858358349,1055.9640609286644,2.1353345290116307e-05,0.21074273374113558,0.012049861233194343,0.012049861233194343
RMT,160,0.0014352831067704016,0.0,2627.7655273377895,2627.7655273377895,5.3140607458499392e-05,1,0.012049861233194343,0.0
RMT,161,0.001445591266492624,1.0,6735.4248941242695,530.01219980375754,1.0719186986717253e-05,0.078690239759947461,0.012049861233194343,0.012049861233194343
RMT,162,0.0014558994262148463,0.0,2482.1898502267104,2482.1898502267104,5.0202008077185261e-05,1,0.012049861233194343,0.0
RMT,163,0.0014662075859370686,0.0,4779.6340541862046,4779.6340541862046,9.6673041718257918e-05,1,0.012049861233194343,0.0
RMT,164,0.0014765157456592909,1.0,8197.3914641439915,1207.7709997728234,2.4430403578987715e-05,0.14733601598212126,0.012049861233194343,0.012049861233194343
RMT,165,0.0014868239053815132,0.0,3790.6170015953958,3790.6170015953958,7.6676308078064872e-05,1,0.012049861233194343,0.0
RMT,166,0.0014971320651037355,1.0,6981.5815982880595,1758.7129440774443,3.5576912813404656e-05,0.25190752543932093,0.012049861233194343,0.012049861233194343
RMT,167,0.0015074402248259578,1.0,5633.2797530016833,1300.4368632586084,2.6307864532910424e-05,0.23084897613431551,0.012049861233194343,0.012049861233194343
RMT,168,0.0015177483845481802,0.0,3472.7789455852435,3472.7789455852435,7.0256798542835724e-05,1,0.012049861233194343,0.0
RMT,169,0.0015280565442704025,1.0,6125.7660759097462,927.37482962930881,1.8762620034427678e-05,0.15138920065464351,0.012049861233194343,0.012049861233194343
RMT,170,0.0015383647039926248,0.0,3849.3982294839379,3849.3982294839379,7.7884281239877159e-05,1,0.012049861233194343,0.0
RMT,171,0.0015486728637148471,1.0,7234.2879560858773,1317.232647777525,2.6653304342337797e-05,0.18208186566162288,0.012049861233194343,0.012049861233194343
RMT,172,0.0015589810234370694,1.0,5111.0264401798631,986.00195058541885,1.9951298713728767e-05,0.19291662098126816,0.012049861233194343,0.012049861233194343
RMT,173,0.0015692891831592917,0.0,3577.9759507849813,3577.9759507849813,7.2402885254145178e-05,1,0.012049861233194343,0.0
RMT,174,0.0015795973428815141,1.0,7637.8599254265428,669.66662508319132,1.355228718859114e-05,0.087677259287495146,0.012049861233194343,0.012049861233194343
RMT,175,0.0015899055026037364,0.0,3024.52798761124,3024.52798761124,6.1208313940814237e-05,1,0.012049861233194343,0.0
RMT,176,0.0016002136623259587,1.0,5832.98904049466,873.10540874949766,1.7669801694302062e-05,0.14968404752487841,0.012049861233194343,0.012049861233194343
RMT,177,0.001610521822048181,0.0,4008.2341043667657,4008.2341043667657,8.1123633436425466e-05,1,0.012049861233194343,0.0
RMT,178,0.0016208299817704033,1.0,8458.9845195263624,1160.2679779865666,2.3485076249390505e-05,0.13716397935334354,0.012049861233194343,0.012049861233194343
RMT,179,0.0016311381414926256,0.0,4893.1843465593129,4893.1843465593129,9.9041484225420804e-05,1,0.012049861233194343,0.0
RMT,180,0.001641446301214848,1.0,9135.6827406509856,1566.1986227968316,3.1701281788031921e-05,0.1714375014171331,0.012049861233194343,0.012049861233194343
RMT,181,0.0016517544609370703,1.0,6437.5551730519983,1128.1686077299555,2.2837288632300601e-05,0.17524799048752834,0.012049861233194343,0.012049861233194343
RMT,182,0.0016620626206592926,0.0,3152.3135205692488,3152.3135205692488,6.3812913090618569e-05,1,0.012049861233194343,0.0
RMT,183,0.0016723707803815149,1.0,5500.2098919368818,646.68029347154356,1.3091451633398472e-05,0.11757374830723362,0.012049861233194343,0.012049861233194343
RMT,184,0.0016826789401037372,0.0,3430.8371498266315,3430.8371498266315,6.9457845815852791e-05,1,0.012049861233194343,0.0
RMT,185,0.0016929870998259595,1.0,6977.3755827099085,904.47140809379744,1.831258210838726e-05,0.12962917036243507,0.012049861233194343,0.012049861233194343
RMT,186,0.0017032952595481818,0.0,4109.1691119973939,4109.1691119973939,8.319607350084878e-05,1,0.012049861233194343,0.0
RMT,187,0.0017136034192704042,1.0,7700.8954568998888,1197.8866469301897,2.4253215224016675e-05,0.15555160482757896,0.012049861233194343,0.012049861233194343
RMT,188,0.0017239115789926265,1.0,5362.3605548901996,904.21993769927417,1.8309049315375846e-05,0.16862348744428826,0.012049861233194343,0.012049861233194343
RMT,189,0.0017342197387148488,0.0,2507.8236538658712,2507.8236538658712,5.0780470319984467e-05,1,0.012049861233194343,0.0
RMT,190,0.0017445278984370711,0.0,4461.0618101715527,4461.0618101715527,9.0334878541380493e-05,1,0.012049861233194343,0.0
RMT,191,0.0017548360581592934,1.0,6631.0234962810155,877.10620185848893,1.7762088063637468e-05,0.13227312531020446,0.012049861233194343,0.012049861233194343
RMT,192,0.0017651442178815157,0.0,3668.5997684178319,3668.5997684178319,7.4294427475065495e-05,1,0.012049861233194343,0.0
RMT,193,0.0017754523776037381,1.0,6998.4830111736974,1510.4761671954627,3.0591175745514115e-05,0.21582908250028668,0.012049861233194343,0.012049861233194343
RMT,194,0.0017857605373259604,1.0,5137.6428905754256,1173.2673566908675,2.3761544623955155e-05,0.2283668564903816,0.012049861233194343,0.012049861233194343
RMT,195,0.0017960686970481827,0.0,3273.1354243382812,3273.1354243382812,6.6292816108727955e-05,1,0.012049861233194343,0.0
RMT,196,0.001806376856770405,1.0,7056.3787544593215,774.18799308499354,1.5681286571860237e-05,0.10971463126121749,0.012049861233194343,0.012049861233194343
RMT,197,0.0018166850164926273,0.0,2708.0438937474119,2708.0438937474119,5.4850766312982347e-05,1,0.012049861233194343,0.0
RMT,198,0.0018269931762148496,0.0,4657.6980642731069,4657.6980642731069,9.4340968169014518e-05,1,0.012049861233194343,0.0
RMT,199,0.0018373013359370719,1.0,6773.7113249262329,1614.3092149701633,3.269835360557061e-05,0.2383197537559284,0.012049861233194343,0.012049861233194343
RMT,200,0.0018476094956592943,1.0,6379.4297022069495,1467.8199652404721,2.9734062482616547e-05,0.23008639232009767,0.012049861233194343,0.012049861233194343
